question_id,question,answer,expected_doc_id,rank,score,retrieved_doc_id,chunk_id,answer_in_chunk,retrieved_text
c1_57059-1,서울과 충북 괴산에서 '국제청소년포럼'을 여는 곳은?,한국청소년단체협의회와 여성가족부,doc_0001,1,0.882089,doc_0001,doc_0001_chunk_000,O,"한국청소년단체협의회와 여성가족부는 22일부터 28일까지 서울과 충북 괴산에서 '국제청소년포럼'을 연다고 21일 밝혔다. 한국 미국 캐나다 호주 등 전 세계 32개국 75여명의 대학생, 청소년들이 모여 전 세계적 현안문제에 대한 대안과 해결책을 모색하는 자리다. 이번 포럼의 주제는 '청소년과 뉴미디어'다. 스마트폰 SNS 태블릿PC 등 새로운 커뮤니케이션 매체인 '뉴미디어'에 대한 성찰과 문제점에 대해 토론한다. 기조강연을 시작으로 국가별 주제관련 사례발표, 그룹 토론 및 전체총회, '청소년선언문' 작성 및 채택 등 다양한 프로그램을 운영한다. 개회식은 22일 서울 방화동에 있는 국제청소년센터 국제회의장에서 한다. 전 세계 32개국 대학생ㆍ청소년 참가자와 전국의 청소년기관단체장과 청소년지도자 여성가족부 주한외교사절 등 100여명이 참석할 예정이다. 23일에는 유엔미래포럼 박영숙 대표가 '뉴미디어의 균형 있는 발전을 위한 청소년의 역할'에 대해 기조강연을 한다. 뉴미디어의 올바른 활용방안과 청소년문화의 형성에 대해 설명할 계획이다. 27일 폐회식에서는 '청소년선언문'을 채택한다. 선언문에는 전 세계적으로 뉴미디어의 바람직한 발전을 촉구하며 각국 청년들이 함께 실천할 수 있는 내용 등이 담길 예정이다. 한국청소년단체협의회는 포럼이 끝난 뒤 UN 등 국제기구와 참가자 각국 정부 등 국제사회에 선언문을 전달할 예정이다."
c1_57059-1,서울과 충북 괴산에서 '국제청소년포럼'을 여는 곳은?,한국청소년단체협의회와 여성가족부,doc_0001,2,0.827981,doc_0149,doc_0149_chunk_000,X,"경북 영덕과 전북 김제에 특성화된 청소련수련시설이 들어선다. 여성가족부는 18일 국립영덕청소년해양환경체험센터와 국립김제농업생명청소년수련원 착공식을 가졌다고 밝혔다. 영덕청소년해양환경체험센터는 영덕군 영덕읍 창포리 일원 5만여㎡ 부지에 들어선다. 여성가족부는 내년 말까지 326억원을 투입해 해양자원탐사 조선·항해 해양환경연구 등 다양한 과정을 체험할 수 있도록 할 계획이다. 김제농업생명청소년수련원은 김제시 부량면 용성리에 역시 내년 말까지 건립 예정이다. 253억원을 투입, 3만8000여㎡ 부지에 농업생명공학 농업과학 농업생태환경 등 체험시설을 짓게 된다. 두 특성화 시설은 푸른청소년수련시설이 임대형 민자사업으로 건립한다. 민간투자자가 건립, 20~30년간 시설관리 청소 경비 등을 맡고 여성가족부는 매년 임대료를 지급하는 형태다. 두개 시설이 완공되면 국립청소년수련시설은 모두 5개로 늘어난다. 여성가족부는 현재 강원 평창과 충남 천안, 전남 고흥에 평창청소년수련원 중앙청소년수련원 고흥청소년우주체험센터를 운영 중이다. 백희영 장관은 ""두곳 특성화 수련시설을 통해 청소년들이 해양환경과 농업생명의 소중함을 인식하고 미래 해양자원 개발과 농업기술에 대한 전망을 제시할 수 있을 것""이라고 기대했다."
c1_57059-1,서울과 충북 괴산에서 '국제청소년포럼'을 여는 곳은?,한국청소년단체협의회와 여성가족부,doc_0001,3,0.813704,doc_0168,doc_0168_chunk_000,X,"“태권도 기술·정신 함께 담아낼 터” “우리 프로젝트의 근본은 태권도 정신이다. 요새처럼 컴퓨터 게임의 버튼 하나로 적을 죽일 수 있는 시대에 태권도 정신의 의미는 크다고 생각한다. 정정당당히 겨뤄 승부를 내는 것을 말한다. 이런 게임문화에 익숙한 서유럽쪽에 한국의 태권도 정신을 느끼게 하는 작품을 만들겠다.” 경기도 문화의전당이 기획·제작해 오는 5월 말 서울에서 첫선을 보이는 태권도 소재 넌버벌 퍼포먼스 〈달밤의 기사〉(가제)의 연출을 맡은 키르키스탄 출신의 세계적인 연출가 빅토르 크라메르(43)가 28일 기자회견에서 “태권도의 화려한 기술적인 면 뿐만 아니라 태권도 고유의 정신적인 면을 잘 조화시키겠다”고 밝혔다. 빅토르 크라메르는 〈슬라바 프로닌의 스노우쇼〉와 〈판타지아-바람을 기다리는 여섯 사람〉 등의 작품으로 영국 ‘로렌스 올리비에 기념 최고연극상’, 에딘버러 페스티벌의 ‘에딘버러 프린지 퍼스트’, 러시아 민족상 ‘황금마스크’ 연출상 등을 수상하고 세계의 이름난 페스티벌과 연극제에 초청된 세계적인 연출가이다. 그는 “태권도는 동양적인 것에 매우 관심이 많은 유럽인들도 흥미를 가질 수 있는 소재”라면서 “서양과 동양의 양문화의 매개체가 될 수 있는 공연을 만들 수 있을 것 같다는 확신이 들었다”고 말했다. 그는 태권도를 이해하기 위해 지난해 12월부터 두 차례 한국을 방문하면서 한국의 구석구석을 보아왔고 많은 태권도 관련 테"
c1_57060-1,'국제 청소년포럼'이 열리는 때는?,22일부터 28일,doc_0001,1,0.885137,doc_0001,doc_0001_chunk_000,O,"한국청소년단체협의회와 여성가족부는 22일부터 28일까지 서울과 충북 괴산에서 '국제청소년포럼'을 연다고 21일 밝혔다. 한국 미국 캐나다 호주 등 전 세계 32개국 75여명의 대학생, 청소년들이 모여 전 세계적 현안문제에 대한 대안과 해결책을 모색하는 자리다. 이번 포럼의 주제는 '청소년과 뉴미디어'다. 스마트폰 SNS 태블릿PC 등 새로운 커뮤니케이션 매체인 '뉴미디어'에 대한 성찰과 문제점에 대해 토론한다. 기조강연을 시작으로 국가별 주제관련 사례발표, 그룹 토론 및 전체총회, '청소년선언문' 작성 및 채택 등 다양한 프로그램을 운영한다. 개회식은 22일 서울 방화동에 있는 국제청소년센터 국제회의장에서 한다. 전 세계 32개국 대학생ㆍ청소년 참가자와 전국의 청소년기관단체장과 청소년지도자 여성가족부 주한외교사절 등 100여명이 참석할 예정이다. 23일에는 유엔미래포럼 박영숙 대표가 '뉴미디어의 균형 있는 발전을 위한 청소년의 역할'에 대해 기조강연을 한다. 뉴미디어의 올바른 활용방안과 청소년문화의 형성에 대해 설명할 계획이다. 27일 폐회식에서는 '청소년선언문'을 채택한다. 선언문에는 전 세계적으로 뉴미디어의 바람직한 발전을 촉구하며 각국 청년들이 함께 실천할 수 있는 내용 등이 담길 예정이다. 한국청소년단체협의회는 포럼이 끝난 뒤 UN 등 국제기구와 참가자 각국 정부 등 국제사회에 선언문을 전달할 예정이다."
c1_57060-1,'국제 청소년포럼'이 열리는 때는?,22일부터 28일,doc_0001,2,0.81986,doc_0059,doc_0059_chunk_000,X,"[IMG1] 평단 왕양, 남영택 옮김 1만9000원 #케네디 대통령의 아버지인조지프 케네디는 1929년 월스트리트가 붕괴하기 직전에자신의 주식을 모두 팔아치워 위기를 피해갔다.그가 그렇게 할 수 있었던 것은 구두닦이 소년 덕분이었다. 구두닦이 소년은 ""우리도 주식에 투자하면 백만장자가 될 수 있을 거예요""라며 구두를 닦으러 온 조지프에게 흥분해서 떠들었다.경제를 잘 아는 권위자들도 마치 살얼음 위를 걷는 것처럼 투자하고, 그렇게 투자해도 손해를 보지 않고 수익을 거둘지 장담할 수 없는 주식시장. 그 시장에서 구두닦이 소년조차 주식을 안전하고 떼돈을 버는 투자처라고 생각한다면 시장은 이미 과열 단계에 접어들었고 이때야말로 주식 시장을 떠날 시기라고 그는 판단했던 것이다.'환율전쟁'이라는 책을 쓰기도 했던 이 책의 저자 왕양은 독자들에게 묻는다. ""경제 용어를 아는 것만으로 경제 흐름을 읽을 수 있을까."" 이 책에서는 '천하어면'이라는 경제게임의 주인공 겐로쿠를 등장시켜1만 관의 자본을 가지고 어떻게 해야 사업에 성공하고 투자에 성공하는지 독자가 겐로쿠가 되어 그 과정을 터득하는 스토리텔링의 방법을 통해경제를 이야기 하고 있다. 그 과정에서 우리는 각종 경제용어를 배우고 많은 실례를 통해 경제의 흐름을 자연스럽게 익힐 수 있다. 이를 통해 경제를 예측하는 안목을 기를 수 있다는 덤이 이 책의 가장 큰 특징이다 장점이다. 저자 나름의 경제"
c1_57060-1,'국제 청소년포럼'이 열리는 때는?,22일부터 28일,doc_0001,3,0.818916,doc_0121,doc_0121_chunk_001,X,"리고 있어요. 우파도 자기들만의 방식으로 변화를 추구하고 있잖아요."" 이야, 정말 똑똑한 딸들이다. 드디어 아빠가 ""일반적인 대답으로 너희를 만족시킬 수 없을 것 같구나""라며 식은땀을 흘리기 시작했다. 이런 식으로 좌충우돌, 아빠는 설명하고 딸들은 질문하고 반격하면서 1시간 동안 독자들도 좀 더 깊이 좌파 이야기로 들어갈 수 있다. 책의 마지막 즈음에 딸이 하는 질문이 재미있다. ""선생님이 그러시는데 좌파와 우파 개념은 이게 과거의 것이래요. 별 차이가 없다고요."" 마치 우리나라에서도 좌파와 우파를 잘 구분하지 못하거나, 아니면 좌파와 우파를 뛰어넘자고 주장하는 흐름이 프랑스에서도 있나 보다. 이에 대한 아빠의 대답이 이 책의 결론쯤에 해당할 것 같다. 중간중간 질문이 이어진 터라 여러 개로 나뉘어 있던 아빠 베베르의 대답을 요약하면 이런 것이다. ""사회는 많이 변했단다. 좌파와 우파는 한번 정의되면 변하지 않는 고정된 실재가 아니라 변화하는 실재로, 세상이 변함에 따라 스스로 위치를 조절한단다."""
c1_57061-1,이번 포럼의 주제는?,'청소년과 뉴미디어',doc_0001,1,0.854234,doc_0001,doc_0001_chunk_000,O,"한국청소년단체협의회와 여성가족부는 22일부터 28일까지 서울과 충북 괴산에서 '국제청소년포럼'을 연다고 21일 밝혔다. 한국 미국 캐나다 호주 등 전 세계 32개국 75여명의 대학생, 청소년들이 모여 전 세계적 현안문제에 대한 대안과 해결책을 모색하는 자리다. 이번 포럼의 주제는 '청소년과 뉴미디어'다. 스마트폰 SNS 태블릿PC 등 새로운 커뮤니케이션 매체인 '뉴미디어'에 대한 성찰과 문제점에 대해 토론한다. 기조강연을 시작으로 국가별 주제관련 사례발표, 그룹 토론 및 전체총회, '청소년선언문' 작성 및 채택 등 다양한 프로그램을 운영한다. 개회식은 22일 서울 방화동에 있는 국제청소년센터 국제회의장에서 한다. 전 세계 32개국 대학생ㆍ청소년 참가자와 전국의 청소년기관단체장과 청소년지도자 여성가족부 주한외교사절 등 100여명이 참석할 예정이다. 23일에는 유엔미래포럼 박영숙 대표가 '뉴미디어의 균형 있는 발전을 위한 청소년의 역할'에 대해 기조강연을 한다. 뉴미디어의 올바른 활용방안과 청소년문화의 형성에 대해 설명할 계획이다. 27일 폐회식에서는 '청소년선언문'을 채택한다. 선언문에는 전 세계적으로 뉴미디어의 바람직한 발전을 촉구하며 각국 청년들이 함께 실천할 수 있는 내용 등이 담길 예정이다. 한국청소년단체협의회는 포럼이 끝난 뒤 UN 등 국제기구와 참가자 각국 정부 등 국제사회에 선언문을 전달할 예정이다."
c1_57061-1,이번 포럼의 주제는?,'청소년과 뉴미디어',doc_0001,2,0.830403,doc_0141,doc_0141_chunk_000,X,"""가상 화폐 규제에 반대하는 청와대 국민청원이, 20만 명을 넘어서면서 정부의 공식 답변을 받을 수 있게 됐습니다. 김동연 경제부총리는 어떤 형태로든 합리적 규제가 필요하다며 이른 시일 안에 종합 대책을 발표하겠다고 말했습니다. 송수진 기자의 보도입니다. [리포트] 가상 화폐 규제에 반대하는 청와대 국민청원이 등록 20일 만에 20만 명을 돌파했습니다. 정부가 공식적인 입장을 내놓는 한달 내 20만명 참여 조건을 충족한 겁니다. 청원자들은 타당하지 않은 규제로 경제가 쇠퇴해선 안 된다며 거래소 폐지 반대 입장 등을 올렸습니다. 청와대는 6번째 청원인 전기용품 안전관리법 폐지 청원에 답변하고 가상화폐 규제 반대 청원에도 답할 예정입니다. 가상화폐 관련해 말을 아끼던 문재인 대통령도 대책을 둘러싼 최근 정부 부처 간 혼선 양상을 지적했습니다. 부처간 협의 전에 각 부처의 입장이 먼저 공개돼 엇박자로 비치는 것은 바람직하지 않다는 겁니다.[박수현/청와대 대변인 : 보다 긴밀한 부처 간 협조와 정책결정 과정의 면밀한 관리를 당부하였습니다.] 정부는 가상화폐에 대한 규제 입장을 분명히 했습니다. 김동연 경제부총리는 라디오 프로그램에 출연해 어떤 형태로든 합리적 규제가 필요하다며 거래소 폐쇄도 살아있는 옵션이라고 말했습니다. [김동연/경제부총리/tbs 김어준의 뉴스공장) : 살아있는 옵션이긴 합니다만 해외 입출금 문제 등등 반론도 만만치가 않거"
c1_57061-1,이번 포럼의 주제는?,'청소년과 뉴미디어',doc_0001,3,0.828686,doc_0196,doc_0196_chunk_000,X,"오는 10월 개원하는 ‘경희 후마니타스 암병원’ 준비단장에 정상설 경희의료원 유방외과 교수가 임명됐다. 정 교수는 10월 병원 오픈과 동시에 암 병원장에 취임한다. 2일 경희의료원에 따르면 정 단장은 유방암 분야의 명의로 대한외과학회 이사장, 한국 유방암학회‧대한임상종양학회 초대 이사장, 세계유방암학술대회 대회장, 분당차병원 유방갑상선 암센터장 등 다양한 대내외 활동을 수행했다. 지금까지 약 2000건 이상의 유방암 수술을 집도했고 국내 최초로 암 조직만 절제하는 유방보존술 도입했다. 또 국내 최초로 유방암 환우회를 설립 및 운영, 한국유방암학회에서 활동 당시 핑크리본캠페인을 만드는데 앞장서는 등 암 환자의 삶의 질을 높이고 치유의 희망을 제공하고자 노력해왔다. 정 단장은 “후마니타스 암병원의 미션이 ‘암을 넘어선 삶(Life Beyond Cancer)’이듯 평소에 중요하게 생각해오던 가치 중 하나가 ‘암 수술 후 삶을 풍요롭게’”라며 “평소 품어 온 뜻을 실천하는데 최적의 병원이라고 생각되어 결정했고 암환자를 위한 마지막 봉사라고 생각하는 이번 역할에 온 마음을 다할 것”고 말했다. 암으로 무너진 환자의 인간다움의 회복을 최우선 가치로 삼는 경희 후마니타스 암병원의 건립 공정은 현재 마무리 단계에 접어들었다. 현재 외부 공사는 완료됐고 내부 마감 공사가 진행 중이다. 민태원 기자 twmin@kmib.co.kr"
c1_57062-1,포럼은 어떻게 진행되는가?,"기조강연을 시작으로 국가별 주제관련 사례발표, 그룹 토론 및 전체총회, '청소년선언문' 작성 및 채택 등 다양한 프로그램을 운영한다.",doc_0001,1,0.841564,doc_0001,doc_0001_chunk_000,O,"한국청소년단체협의회와 여성가족부는 22일부터 28일까지 서울과 충북 괴산에서 '국제청소년포럼'을 연다고 21일 밝혔다. 한국 미국 캐나다 호주 등 전 세계 32개국 75여명의 대학생, 청소년들이 모여 전 세계적 현안문제에 대한 대안과 해결책을 모색하는 자리다. 이번 포럼의 주제는 '청소년과 뉴미디어'다. 스마트폰 SNS 태블릿PC 등 새로운 커뮤니케이션 매체인 '뉴미디어'에 대한 성찰과 문제점에 대해 토론한다. 기조강연을 시작으로 국가별 주제관련 사례발표, 그룹 토론 및 전체총회, '청소년선언문' 작성 및 채택 등 다양한 프로그램을 운영한다. 개회식은 22일 서울 방화동에 있는 국제청소년센터 국제회의장에서 한다. 전 세계 32개국 대학생ㆍ청소년 참가자와 전국의 청소년기관단체장과 청소년지도자 여성가족부 주한외교사절 등 100여명이 참석할 예정이다. 23일에는 유엔미래포럼 박영숙 대표가 '뉴미디어의 균형 있는 발전을 위한 청소년의 역할'에 대해 기조강연을 한다. 뉴미디어의 올바른 활용방안과 청소년문화의 형성에 대해 설명할 계획이다. 27일 폐회식에서는 '청소년선언문'을 채택한다. 선언문에는 전 세계적으로 뉴미디어의 바람직한 발전을 촉구하며 각국 청년들이 함께 실천할 수 있는 내용 등이 담길 예정이다. 한국청소년단체협의회는 포럼이 끝난 뒤 UN 등 국제기구와 참가자 각국 정부 등 국제사회에 선언문을 전달할 예정이다."
c1_57062-1,포럼은 어떻게 진행되는가?,"기조강연을 시작으로 국가별 주제관련 사례발표, 그룹 토론 및 전체총회, '청소년선언문' 작성 및 채택 등 다양한 프로그램을 운영한다.",doc_0001,2,0.809912,doc_0196,doc_0196_chunk_000,X,"오는 10월 개원하는 ‘경희 후마니타스 암병원’ 준비단장에 정상설 경희의료원 유방외과 교수가 임명됐다. 정 교수는 10월 병원 오픈과 동시에 암 병원장에 취임한다. 2일 경희의료원에 따르면 정 단장은 유방암 분야의 명의로 대한외과학회 이사장, 한국 유방암학회‧대한임상종양학회 초대 이사장, 세계유방암학술대회 대회장, 분당차병원 유방갑상선 암센터장 등 다양한 대내외 활동을 수행했다. 지금까지 약 2000건 이상의 유방암 수술을 집도했고 국내 최초로 암 조직만 절제하는 유방보존술 도입했다. 또 국내 최초로 유방암 환우회를 설립 및 운영, 한국유방암학회에서 활동 당시 핑크리본캠페인을 만드는데 앞장서는 등 암 환자의 삶의 질을 높이고 치유의 희망을 제공하고자 노력해왔다. 정 단장은 “후마니타스 암병원의 미션이 ‘암을 넘어선 삶(Life Beyond Cancer)’이듯 평소에 중요하게 생각해오던 가치 중 하나가 ‘암 수술 후 삶을 풍요롭게’”라며 “평소 품어 온 뜻을 실천하는데 최적의 병원이라고 생각되어 결정했고 암환자를 위한 마지막 봉사라고 생각하는 이번 역할에 온 마음을 다할 것”고 말했다. 암으로 무너진 환자의 인간다움의 회복을 최우선 가치로 삼는 경희 후마니타스 암병원의 건립 공정은 현재 마무리 단계에 접어들었다. 현재 외부 공사는 완료됐고 내부 마감 공사가 진행 중이다. 민태원 기자 twmin@kmib.co.kr"
c1_57062-1,포럼은 어떻게 진행되는가?,"기조강연을 시작으로 국가별 주제관련 사례발표, 그룹 토론 및 전체총회, '청소년선언문' 작성 및 채택 등 다양한 프로그램을 운영한다.",doc_0001,3,0.80545,doc_0101,doc_0101_chunk_000,X,"""스웨덴을 방문 중인 리용호 북한 외무상이 스웨덴 총리와 외교부 장관을 만났습니다. 북미 정상회담을 앞둔 사전 정지작업이라는 분석이 나오고 있습니다. 스톡홀름에서 이민우 특파원이 보도합니다. [리포트] 이른 아침부터 스웨덴 총리를 면담한 뒤 공관을 떠나는 리용호 외무상. [회담은 어떠셨습니까?] 어제저녁(15일) 외교장관 회담에 이어 오늘(16일)은 총리까지 만난 겁니다. 스웨덴 총리는 앞서 이번 북미회담에서 역할론을 밝힌 바 있어 리 외무상이 김정은의 메시지를 전달했을 가능성도 거론됩니다. [발스트롬/스웨덴 외교부 장관 : 우리는 만남을 준비하기 위한 이번 기회를 소중하게 생각합니다. 대화와 정치적 해결을 믿습니다.] 이에 따라 북한과 스웨덴이 북미 정상회담을 위한 사전 신뢰구축 차원에서 북한에 억류된 미국인 3명의 석방 문제를 논의하고 있다는 분석이 나옵니다. 스웨덴이 북한을 방문하는 미국인들의 영사 업무를 대행하고 있고, 대학생 웜비어의 석방에도 관여했었기 때문입니다.이곳 외교가에서는 이용호 외무상의 스웨덴 방문 일정이 이틀에서 나흘로 늘어날 수 있다고 보고 있습니다. 이번 회담의 의제가 확대될 수 있다는 뜻입니다. 일정 확대로 스웨덴에서 북미 간 접촉도 이뤄지는 것 아니냐는 관측이 나오지만, 미국은 이를 부인했습니다. [노어트/미 국무부 대변인 : 자세한 내용은 스웨덴에 물어보셔야 합니다. 우리는 스웨덴에 대표단을 보내지 않았"
m5_306705-1,아육대에서 리듬체조에 출전한 구구단의 멤버는?,샐리,doc_0002,1,0.885422,doc_0002,doc_0002_chunk_000,O,"[헤럴드POP=고승아 기자]그룹 구구단 샐리가 리듬체조에서 실수했다.15일 방송된 MBC '설특집 2018 아이돌스타 육상 볼링 양궁 리듬체조 에어로빅 선수권대회(이하 아육대)'에서는 구구단 샐리가 리듬체조 종목에 출전한 모습이 그려졌다.이날 구구단 샐리는 리듬체조 종목에 처음 출전해 훌라후프로 무대를 꾸몄다. 그러나 연기 도중 훌라후프를 받지 못하는 등 실수를 해 안타까움을 자아냈다.응원을 하던 구구단 멤버들도 열심히 연습했던 샐리를 생각해 눈물을 흘렸다.popnews@heraldcorp.com- Copyrights ⓒ 헤럴드POP & heraldpop.com, 무단 전재 및 재배포 금지 -"
m5_306705-1,아육대에서 리듬체조에 출전한 구구단의 멤버는?,샐리,doc_0002,2,0.824215,doc_0057,doc_0057_chunk_001,X,"있는 몸매를 자랑한다. 하지만 그의 잘록한 허리도 감탄을 자아낼 정도. 비키니부터 트레이닝복까지 완벽하게 소화하는 몸매의 소유자다.◆ 신수지신수지는 리듬체조 전 국가대표 출신답게 탄탄하면서도 볼륨감 있는 몸매가 돋보인다. SNS에서 플라잉 요가로 유연한 몸을 뽐내는 것은 물론 부러움을 자아내는 각선미가 눈길을 끈다.◆ 경리경리는 잘록한 허리가 돋보이는 S라인 몸매가 매력적이다. 몸매가 드러나는 의상을 입어도 전혀 굴욕 없는 몸매는 여성들의 워너비다. /kangsj@osen.co.kr[사진] 김준희, 한혜진, 장윤주, 손나은, 제시, 신수지, 경리 인스타그램"
m5_306705-1,아육대에서 리듬체조에 출전한 구구단의 멤버는?,샐리,doc_0002,3,0.814011,doc_0177,doc_0177_chunk_001,X,"상황이 달라졌다. 다른 선수들이 경기를 앞두고 쉬는 시간에 예배를 드려야 했다. ‘신참’ 시절에는 교회에 거의 나가지 못했다. 이후 프로생활과 결혼·임신 등 바쁜 생활 속에서 교회는 점점 멀어져 갔다. 그러다 2010년 딸을 낳고 ‘프로배구 역대 첫 엄마 선수’가 된 지 2년이 지난 2012년, 그는 어머니 손에 끌려 청주 서원경교회(황순환 목사)를 찾았다. 정 선수는 “코트 복귀 후 2년간 부진해 마음고생이 심했는데 그날은 ‘그동안 왜 교회에 나가지 않았을까’ 생각될 만큼 편안했다”고 고백했다. 그 뒤로는 오프시즌 중에는 반드시 교회를 찾아 주일 예배를 드린다. 그에게 힘이 되는 성경 구절은 여호수아 1장 9절이다. 지난달 열린 챔피언결정전에서도 정 선수는 왼쪽 팔목에 ‘Joshua 1:9(수 1:9)’라고 적힌 손목 보호대를 붙이고 경기에 나섰다. 그는 “‘강하고 담대하라’는 구절을 통해 두려움과 떨림을 이겨내자는 생각에서 시작했다”며 “매일 보호대 안쪽에 이 구절을 적고, 보호대 바깥쪽에는 그날마다 하나님께서 내게 주시는 구절을 적어둔다”고 말했다. 가끔 심판들이 찾아와서 “그게 뭐냐”고 물으면 “성경말씀이에요”라고 말하기도 한다. 시즌 중 찾아오는 슬럼프 때는 더 열심히 성경을 읽고 CCM을 들으며 마음을 가다듬는다고 했다. 팀 스케줄상 매주 예배 참석이 어렵기 때문에 정 선수는 자신만의 방식으로 매일 예배를 드린다. 매일 아"
c1_151305-1,중국에서 아파트에서 추락하던 3세 아이를 살리고 자신은 혼수상태에 빠진 사람은 누구야?,보조 교통 경찰로 일하는 천중핑,doc_0003,1,0.912981,doc_0003,doc_0003_chunk_000,O,중국의 한 여성 경찰이 아파트에서 추락하던 3세 아이를 살리고 자신은 혼수상태에 빠졌습니다. 의인(義人)의 소식이 알려지자 각박한 중국 사회에 큰 반향을 일으키고 있습니다. 5일 귀주도시망 등 중국 현지 언론에 따르면 구이저우성 카일리시에 보조 교통 경찰로 일하는 천중핑(49)은 지난달 28일 한 아파트에서 비상 상황이 발생했다는 연락을 받고 현장으로 향했습니다. 도착했을 때 아파트 4층 창문에서 여자 아이가 매달려 있었습니다. 곧이어 아이는 손에 힘이 빠지면서 밑으로 추락했습니다. 천중핑과 다른 세명의 이웃들이 달려갔습니다. 그리고 아이는 바닥이 아니라 천중핑의 팔에 떨어졌습니다. 중간 비막이 천막 때문에 속도가 줄기는 했지만 추락의 충격은 천중핑이 고스란히 감당해야 했습니다. 아이는 즉시 병원으로 옮겨져 치료를 받았습니다. 다리 골절로 그리 심각한 상황은 아니라고 합니다. 하지만 생명의 은인이자 영웅은 커다란 댓가를 치러야 했다. 뇌출혈로 인한 의식불명 상태에 빠진 것이다. 다행히 이틀 간의 코마 상태 이후 의식을 회복해 지난 2일부터 중환자실에서 치료를 받고 있습니다. 아이는 열쇠공이 문을 따는 소리에 겁을 먹고 창문 밖으로 도망을 치려다 사고를 당한 것으로 전해졌습니다. 아이가 잠든 사이 돌보던 아이의 할머니가 쓰레기를 버리러 나갔다가 문이 잠기는 바람에 열쇠공을 불렀던 것입니다. 아이의 엄마는 “천중핑의 도움이 없었다면 아이
c1_151305-1,중국에서 아파트에서 추락하던 3세 아이를 살리고 자신은 혼수상태에 빠진 사람은 누구야?,보조 교통 경찰로 일하는 천중핑,doc_0003,2,0.87104,doc_0003,doc_0003_chunk_001,X,이 잠기는 바람에 열쇠공을 불렀던 것입니다. 아이의 엄마는 “천중핑의 도움이 없었다면 아이는 죽었을 것”이라며 딸을 구해준 천중핑에게 감사의 뜻을 전했습다. 카일리시 정부 대표와 공안부 관계자들도 천중핑이 입원한 병원을 찾아 위로하고 회복될때까지 도움을 아끼지 않겠다고 밝혔습니다. 천중핑의 선행 사실을 접한 중국 기업 알리바바도 ‘중국의 좋은 이웃상’과 함께 상금 1만 위안(약 170만원)을 수여하기로 했습니다. [아직 살만한 세상]은 점점 각박해지는 세상에 희망과 믿음을 주는 이들의 이야기입니다. 힘들고 지칠 때 아직 살만한 세상을 만들어가는 ‘아살세’ 사람들의 목소리를 들어보세요. 따뜻한 세상을 꿈꾸는 독자 여러분의 제보를 기다립니다. 맹경환 기자 khmaeng@kmib.co.kr
c1_151305-1,중국에서 아파트에서 추락하던 3세 아이를 살리고 자신은 혼수상태에 빠진 사람은 누구야?,보조 교통 경찰로 일하는 천중핑,doc_0003,3,0.85998,doc_0174,doc_0174_chunk_000,X,"동.서남아시아의 지진.해일로 인한 한국인 사망자와 실종자 수가 전날에 비해 각각 1명과 2명이 늘어나 1일 모두 9명이 숨지고 11명이 실종된 것으로 집계됐다. 외교통상부는 이날 그동안 태국 푸껫 남단 피피섬에서 실종된 것으로 분류됐던지모(24.여)씨가 사망한 것으로 유가족에 의해 확인됐으며, 고모(41)씨와 이모(31.여)씨가 카오락 지역에서 실종된 것으로 보인다고 밝혔다. 이에 따라 이날 오후 7시 30분 현재 이번 사고로 인한 한국인 피해자는 사망 9명, 실종 11명, 소재 미확인 332명으로 집계됐다. 이날 실종자로 분류된 고씨 등 2명은 `황성옛터', `타향살이' 등의 노래로 익숙한 가수 고(故) 고복수 선생의 아들과 그의 예비신부인 것으로 알려졌으며, 고복수 선생의 장남으로 트로트 가수인 영준씨가 실종신고를 해왔다. 외교부에 따르면 지난 달 19일 푸껫에 입국한 두 사람은 푸껫 관광을 마친 뒤 개별관광을 위해 카오락 지역으로 떠났으나 24∼25일 고씨가 국내 친구와 통화한 이후 연락이 두절됐고, 태국 현지인들이 카오락의 가든비치호텔 인근에서 사체를 발굴하던 중 이들의 여권이 발견됐다. 사망자는 지씨 외에 피피섬에서 숨진 채 발견된 황보모(65.여),윤모(40),임모(20.여), 김모(72.여)씨와 박모(4)군, 푸껫서 사망한 배모(75.여)씨, 푸껫 카오락에서 신혼여행 중 숨진 이모(31.여)씨, 말레이시아 교민 임모(33"
c1_151306-1,천중핑씨가 추락하는 아이를 구하고 뇌출혈로 인한 의식불명 상태에 빠진건 언제야?,지난달 28일,doc_0003,1,0.908031,doc_0003,doc_0003_chunk_000,O,중국의 한 여성 경찰이 아파트에서 추락하던 3세 아이를 살리고 자신은 혼수상태에 빠졌습니다. 의인(義人)의 소식이 알려지자 각박한 중국 사회에 큰 반향을 일으키고 있습니다. 5일 귀주도시망 등 중국 현지 언론에 따르면 구이저우성 카일리시에 보조 교통 경찰로 일하는 천중핑(49)은 지난달 28일 한 아파트에서 비상 상황이 발생했다는 연락을 받고 현장으로 향했습니다. 도착했을 때 아파트 4층 창문에서 여자 아이가 매달려 있었습니다. 곧이어 아이는 손에 힘이 빠지면서 밑으로 추락했습니다. 천중핑과 다른 세명의 이웃들이 달려갔습니다. 그리고 아이는 바닥이 아니라 천중핑의 팔에 떨어졌습니다. 중간 비막이 천막 때문에 속도가 줄기는 했지만 추락의 충격은 천중핑이 고스란히 감당해야 했습니다. 아이는 즉시 병원으로 옮겨져 치료를 받았습니다. 다리 골절로 그리 심각한 상황은 아니라고 합니다. 하지만 생명의 은인이자 영웅은 커다란 댓가를 치러야 했다. 뇌출혈로 인한 의식불명 상태에 빠진 것이다. 다행히 이틀 간의 코마 상태 이후 의식을 회복해 지난 2일부터 중환자실에서 치료를 받고 있습니다. 아이는 열쇠공이 문을 따는 소리에 겁을 먹고 창문 밖으로 도망을 치려다 사고를 당한 것으로 전해졌습니다. 아이가 잠든 사이 돌보던 아이의 할머니가 쓰레기를 버리러 나갔다가 문이 잠기는 바람에 열쇠공을 불렀던 것입니다. 아이의 엄마는 “천중핑의 도움이 없었다면 아이
c1_151306-1,천중핑씨가 추락하는 아이를 구하고 뇌출혈로 인한 의식불명 상태에 빠진건 언제야?,지난달 28일,doc_0003,2,0.881519,doc_0003,doc_0003_chunk_001,X,이 잠기는 바람에 열쇠공을 불렀던 것입니다. 아이의 엄마는 “천중핑의 도움이 없었다면 아이는 죽었을 것”이라며 딸을 구해준 천중핑에게 감사의 뜻을 전했습다. 카일리시 정부 대표와 공안부 관계자들도 천중핑이 입원한 병원을 찾아 위로하고 회복될때까지 도움을 아끼지 않겠다고 밝혔습니다. 천중핑의 선행 사실을 접한 중국 기업 알리바바도 ‘중국의 좋은 이웃상’과 함께 상금 1만 위안(약 170만원)을 수여하기로 했습니다. [아직 살만한 세상]은 점점 각박해지는 세상에 희망과 믿음을 주는 이들의 이야기입니다. 힘들고 지칠 때 아직 살만한 세상을 만들어가는 ‘아살세’ 사람들의 목소리를 들어보세요. 따뜻한 세상을 꿈꾸는 독자 여러분의 제보를 기다립니다. 맹경환 기자 khmaeng@kmib.co.kr
c1_151306-1,천중핑씨가 추락하는 아이를 구하고 뇌출혈로 인한 의식불명 상태에 빠진건 언제야?,지난달 28일,doc_0003,3,0.848297,doc_0013,doc_0013_chunk_000,X,"8일 오전 7시께 광주시 동구 계림동 85-20 전모(38)씨 집 안방에서 전씨의 딸(12)이 의식을 잃고 쓰러져 있는 것을 가족들이 발견,119에 신고해 구급차로 전남대 병원으로 급히 옮겨졌으나 이미 숨졌다. 전씨에 따르면 전날 저녁 주방 가스레인지위에 식혜가 담긴 그릇을 올려놓고 가스레인지를 켜놓은 채 자신과 아내(33), 12살과 11살의 남매 등 네 가족이 안방에서잠이 들었는데 아침에 일어나 보니 딸이 의식을 잃은 상태여서 신고를 했다. 경찰은 이날 사고가 밀폐된 상태에서 장시간 가스레인지를 켜놓아 산소부족으로일어난 것이 아닌가 보고 정확한 사인을 조사중이다."
c1_151307-1,천중핑씨가 보조 교통 경찰로 일하는 곳은 어디야?,구이저우성 카일리시,doc_0003,1,0.856033,doc_0003,doc_0003_chunk_000,O,중국의 한 여성 경찰이 아파트에서 추락하던 3세 아이를 살리고 자신은 혼수상태에 빠졌습니다. 의인(義人)의 소식이 알려지자 각박한 중국 사회에 큰 반향을 일으키고 있습니다. 5일 귀주도시망 등 중국 현지 언론에 따르면 구이저우성 카일리시에 보조 교통 경찰로 일하는 천중핑(49)은 지난달 28일 한 아파트에서 비상 상황이 발생했다는 연락을 받고 현장으로 향했습니다. 도착했을 때 아파트 4층 창문에서 여자 아이가 매달려 있었습니다. 곧이어 아이는 손에 힘이 빠지면서 밑으로 추락했습니다. 천중핑과 다른 세명의 이웃들이 달려갔습니다. 그리고 아이는 바닥이 아니라 천중핑의 팔에 떨어졌습니다. 중간 비막이 천막 때문에 속도가 줄기는 했지만 추락의 충격은 천중핑이 고스란히 감당해야 했습니다. 아이는 즉시 병원으로 옮겨져 치료를 받았습니다. 다리 골절로 그리 심각한 상황은 아니라고 합니다. 하지만 생명의 은인이자 영웅은 커다란 댓가를 치러야 했다. 뇌출혈로 인한 의식불명 상태에 빠진 것이다. 다행히 이틀 간의 코마 상태 이후 의식을 회복해 지난 2일부터 중환자실에서 치료를 받고 있습니다. 아이는 열쇠공이 문을 따는 소리에 겁을 먹고 창문 밖으로 도망을 치려다 사고를 당한 것으로 전해졌습니다. 아이가 잠든 사이 돌보던 아이의 할머니가 쓰레기를 버리러 나갔다가 문이 잠기는 바람에 열쇠공을 불렀던 것입니다. 아이의 엄마는 “천중핑의 도움이 없었다면 아이
c1_151307-1,천중핑씨가 보조 교통 경찰로 일하는 곳은 어디야?,구이저우성 카일리시,doc_0003,2,0.837609,doc_0003,doc_0003_chunk_001,X,이 잠기는 바람에 열쇠공을 불렀던 것입니다. 아이의 엄마는 “천중핑의 도움이 없었다면 아이는 죽었을 것”이라며 딸을 구해준 천중핑에게 감사의 뜻을 전했습다. 카일리시 정부 대표와 공안부 관계자들도 천중핑이 입원한 병원을 찾아 위로하고 회복될때까지 도움을 아끼지 않겠다고 밝혔습니다. 천중핑의 선행 사실을 접한 중국 기업 알리바바도 ‘중국의 좋은 이웃상’과 함께 상금 1만 위안(약 170만원)을 수여하기로 했습니다. [아직 살만한 세상]은 점점 각박해지는 세상에 희망과 믿음을 주는 이들의 이야기입니다. 힘들고 지칠 때 아직 살만한 세상을 만들어가는 ‘아살세’ 사람들의 목소리를 들어보세요. 따뜻한 세상을 꿈꾸는 독자 여러분의 제보를 기다립니다. 맹경환 기자 khmaeng@kmib.co.kr
c1_151307-1,천중핑씨가 보조 교통 경찰로 일하는 곳은 어디야?,구이저우성 카일리시,doc_0003,3,0.828641,doc_0154,doc_0154_chunk_000,X,"탁신 치나왓 태국 총리는 11일 푸미폰 아둔야뎃 국왕의 재가를 얻어 새 내각을 출범시켰다. 탁신 총리는 새 내각의 외무장관에 무역대표를 지낸 칸타티르 수파몽콘을 임명하는 한편 재무장관에는 솜킷 자투스리피탁 부총리를 겸임토록 했다고 TNA통신이 보도했다. 또 차기 유엔 사무총장을 노리는 수라키앗 사티라타이 전 외무장관은 부총리로 영전됐고 국방장관에는 탐마락 잇사랑구라 퇴역 장군이 임명됐다. 탁신 총리의 신임이 두터운 수다랏 케유라판(여) 전 보건장관은 농업장관으로 자리를 옮겼으며 한때 경질설이 나돈 아디사이 보다라믹 교육장관은 유임됐다. 하원의장으로 선출된 포킨 파나쿤 전 내무장관 후임에는 경찰 출신 칫차이 와나사팃야 전 마약통제청장이 임명됐다. 칫차이 내무장관은 부총리직도 겸임한다. 전국 조류독감 퇴치 위원회 위원장을 맡고 있는 차투론 차이생 부총리와 위사누크르어응암,피닛 자루솜밧 부총리 등은 유임됐다. ◇태국 새 내각 주요 각료 명단 △외무 = 칸타티르 수파몽콘 △내무 = 칫차이 와나사팃야 △재무 = 솜킷 자투스리피탁(부총리 겸임) △상무 = 타농 비다야 △국방 = 탐마락 잇사랑구라 △교육= 아디사이 보다라믹 △농업 = 수다랏 케유라판 △에너지 = 위셋 촙피반 △관광ㆍ스포츠 = 솜삭 텝수틴 △정보통신기술 = 수윗 쿤킷티 △보건 = 수차이 차런랏타나쿤"
c1_151308-1,천중핑의 선행 사실을 접한 중국 기업 알리바바는 무엇을 하기로 했어?,‘중국의 좋은 이웃상’과 함께 상금 1만 위안(약 170만원)을 수여,doc_0003,1,0.877689,doc_0003,doc_0003_chunk_001,O,이 잠기는 바람에 열쇠공을 불렀던 것입니다. 아이의 엄마는 “천중핑의 도움이 없었다면 아이는 죽었을 것”이라며 딸을 구해준 천중핑에게 감사의 뜻을 전했습다. 카일리시 정부 대표와 공안부 관계자들도 천중핑이 입원한 병원을 찾아 위로하고 회복될때까지 도움을 아끼지 않겠다고 밝혔습니다. 천중핑의 선행 사실을 접한 중국 기업 알리바바도 ‘중국의 좋은 이웃상’과 함께 상금 1만 위안(약 170만원)을 수여하기로 했습니다. [아직 살만한 세상]은 점점 각박해지는 세상에 희망과 믿음을 주는 이들의 이야기입니다. 힘들고 지칠 때 아직 살만한 세상을 만들어가는 ‘아살세’ 사람들의 목소리를 들어보세요. 따뜻한 세상을 꿈꾸는 독자 여러분의 제보를 기다립니다. 맹경환 기자 khmaeng@kmib.co.kr
c1_151308-1,천중핑의 선행 사실을 접한 중국 기업 알리바바는 무엇을 하기로 했어?,‘중국의 좋은 이웃상’과 함께 상금 1만 위안(약 170만원)을 수여,doc_0003,2,0.833106,doc_0003,doc_0003_chunk_000,X,중국의 한 여성 경찰이 아파트에서 추락하던 3세 아이를 살리고 자신은 혼수상태에 빠졌습니다. 의인(義人)의 소식이 알려지자 각박한 중국 사회에 큰 반향을 일으키고 있습니다. 5일 귀주도시망 등 중국 현지 언론에 따르면 구이저우성 카일리시에 보조 교통 경찰로 일하는 천중핑(49)은 지난달 28일 한 아파트에서 비상 상황이 발생했다는 연락을 받고 현장으로 향했습니다. 도착했을 때 아파트 4층 창문에서 여자 아이가 매달려 있었습니다. 곧이어 아이는 손에 힘이 빠지면서 밑으로 추락했습니다. 천중핑과 다른 세명의 이웃들이 달려갔습니다. 그리고 아이는 바닥이 아니라 천중핑의 팔에 떨어졌습니다. 중간 비막이 천막 때문에 속도가 줄기는 했지만 추락의 충격은 천중핑이 고스란히 감당해야 했습니다. 아이는 즉시 병원으로 옮겨져 치료를 받았습니다. 다리 골절로 그리 심각한 상황은 아니라고 합니다. 하지만 생명의 은인이자 영웅은 커다란 댓가를 치러야 했다. 뇌출혈로 인한 의식불명 상태에 빠진 것이다. 다행히 이틀 간의 코마 상태 이후 의식을 회복해 지난 2일부터 중환자실에서 치료를 받고 있습니다. 아이는 열쇠공이 문을 따는 소리에 겁을 먹고 창문 밖으로 도망을 치려다 사고를 당한 것으로 전해졌습니다. 아이가 잠든 사이 돌보던 아이의 할머니가 쓰레기를 버리러 나갔다가 문이 잠기는 바람에 열쇠공을 불렀던 것입니다. 아이의 엄마는 “천중핑의 도움이 없었다면 아이
c1_151308-1,천중핑의 선행 사실을 접한 중국 기업 알리바바는 무엇을 하기로 했어?,‘중국의 좋은 이웃상’과 함께 상금 1만 위안(약 170만원)을 수여,doc_0003,3,0.823607,doc_0112,doc_0112_chunk_000,X,"지율스님이 매번 청와대 근처에서 단식농성을 하는 건 바로 이 약속을 지키라는묵언의 시위인 셈이다. 곽결호 환경부 장관의 약속 위반도 마찬가지 이유에서 그의비난을 받았다. ◆해결책 없나= 현재로선 지율스님의 생명을 살리면서 합리적인 해결책을 찾을수 있는 가능성은 그리 크지 않은게 사실이다. 지율스님은 ‘3개월 발파공사 중지 및 환경영향 공동 조사’라는 제의를 해놓고정부 답변을 기다리던 지난달 20일 와 만나 “나로서는 물러설만큼 물러섰다. 정부가 받아들이지 않는다면 답답한 건 내가 아니라 정부다”라고 말했다. 이는 기존의 ‘선조사, 후공사’ 요구와 비교할 때 사실상 ‘공사 중지 요구’는 포기한 것이나 마찬가지라는게 측근들의 설명이다. 해결책을 찾는다면 ‘환경영향 공동 조사와 이를 위한 공사 일정 조정’ 정도에서찾아야 했는데 정부가 “일개인 때문에 국책사업을 자꾸만 중단한다는게 말이 되느냐”는 여론을 의식, 공동 조사마저 거부하는 바람에 사태가 악화될 대로 악화됐다는것. 한나라당과 민주노동당 등 야당 의원들이 ‘환경영향평가 재실시’ 결의안 상정등을 약속하고 있는 것은 이 점을 의식한 행동으로 풀이된다. 하지만 정부가 이를 받아들일 가능성이 적은데다 100일을 앞둔 시점이어서 이미늦은게 아니냐는 관측마저 나오고 있다. 지율스님측 이동준 변호사는 최근 “나를 비롯해서 스님과 가까운 이들도 스님을만날 때마다 단식을 풀라고 간곡히 부탁했지만 소"
c1_151309-1,천중핑씨의 상태는 어때?,이틀 간의 코마 상태 이후 의식을 회복해 지난 2일부터 중환자실에서 치료를 받고 있습니다,doc_0003,1,0.87127,doc_0003,doc_0003_chunk_000,O,중국의 한 여성 경찰이 아파트에서 추락하던 3세 아이를 살리고 자신은 혼수상태에 빠졌습니다. 의인(義人)의 소식이 알려지자 각박한 중국 사회에 큰 반향을 일으키고 있습니다. 5일 귀주도시망 등 중국 현지 언론에 따르면 구이저우성 카일리시에 보조 교통 경찰로 일하는 천중핑(49)은 지난달 28일 한 아파트에서 비상 상황이 발생했다는 연락을 받고 현장으로 향했습니다. 도착했을 때 아파트 4층 창문에서 여자 아이가 매달려 있었습니다. 곧이어 아이는 손에 힘이 빠지면서 밑으로 추락했습니다. 천중핑과 다른 세명의 이웃들이 달려갔습니다. 그리고 아이는 바닥이 아니라 천중핑의 팔에 떨어졌습니다. 중간 비막이 천막 때문에 속도가 줄기는 했지만 추락의 충격은 천중핑이 고스란히 감당해야 했습니다. 아이는 즉시 병원으로 옮겨져 치료를 받았습니다. 다리 골절로 그리 심각한 상황은 아니라고 합니다. 하지만 생명의 은인이자 영웅은 커다란 댓가를 치러야 했다. 뇌출혈로 인한 의식불명 상태에 빠진 것이다. 다행히 이틀 간의 코마 상태 이후 의식을 회복해 지난 2일부터 중환자실에서 치료를 받고 있습니다. 아이는 열쇠공이 문을 따는 소리에 겁을 먹고 창문 밖으로 도망을 치려다 사고를 당한 것으로 전해졌습니다. 아이가 잠든 사이 돌보던 아이의 할머니가 쓰레기를 버리러 나갔다가 문이 잠기는 바람에 열쇠공을 불렀던 것입니다. 아이의 엄마는 “천중핑의 도움이 없었다면 아이
c1_151309-1,천중핑씨의 상태는 어때?,이틀 간의 코마 상태 이후 의식을 회복해 지난 2일부터 중환자실에서 치료를 받고 있습니다,doc_0003,2,0.852823,doc_0003,doc_0003_chunk_001,X,이 잠기는 바람에 열쇠공을 불렀던 것입니다. 아이의 엄마는 “천중핑의 도움이 없었다면 아이는 죽었을 것”이라며 딸을 구해준 천중핑에게 감사의 뜻을 전했습다. 카일리시 정부 대표와 공안부 관계자들도 천중핑이 입원한 병원을 찾아 위로하고 회복될때까지 도움을 아끼지 않겠다고 밝혔습니다. 천중핑의 선행 사실을 접한 중국 기업 알리바바도 ‘중국의 좋은 이웃상’과 함께 상금 1만 위안(약 170만원)을 수여하기로 했습니다. [아직 살만한 세상]은 점점 각박해지는 세상에 희망과 믿음을 주는 이들의 이야기입니다. 힘들고 지칠 때 아직 살만한 세상을 만들어가는 ‘아살세’ 사람들의 목소리를 들어보세요. 따뜻한 세상을 꿈꾸는 독자 여러분의 제보를 기다립니다. 맹경환 기자 khmaeng@kmib.co.kr
c1_151309-1,천중핑씨의 상태는 어때?,이틀 간의 코마 상태 이후 의식을 회복해 지난 2일부터 중환자실에서 치료를 받고 있습니다,doc_0003,3,0.823676,doc_0176,doc_0176_chunk_000,X,"""중국 최대의 정치행사인 양회가 내일(3일) 시작됩니다. 이번에 중국 국가 주석의 임기제한을 폐지하는 헌법 개정이 예상돼 중국 안팎에서 여러 말들이 나오고 있는데요. 예상 보다 반발이 크자, 중국 당국도 좀 당황한 듯한 분위기입니다. 베이징에서 강민수 특파원이 전해왔습니다. [리포트] 중국 최대의 정치행사 전인대와 정협, 이른바 양회를 앞둔 천안문 광장에 긴장감이 감돕니다. 국가주석의 임기제한을 폐지하는 헌법 개정에 대해 일부 학계와 언론계는 물론 일반 시민들 사이에서도 반대여론이 형성되고 있기때문입니다.[후싱도우/정치평론가 : 심각한 결과를 초래할 파시즘이나 독재로 빠져들면 어쩌나 하는 우려가 있습니다.] 시진핑 주석이 장기집권을 하려 한다는 비판이 일자 개헌안을 강력 지지해온 관영 매체들도 한발 물러서는 듯한 분위깁니다. 공산당 기관지 인민일보는 논평을 통해 임기 제한을 없애는 것이 종신제를 의미하는 것은 아니다라고 주장했습니다. 여론을 무마하기 위한 노골적인 인터넷 검열은 더욱 수위를 높여가는 분위깁니다. 개헌을 풍자하는 &불로장생&, &종신& 등의 표현은 물론, 마오쩌둥과 시진핑을 합성한 시쩌둥 등의 단어는 검색 자체가 안되게 막았습니다. 이번 양회에서는 감찰위원회를 신설하는 안도 처리됩니다. 정적 제거용으로도 사용했던 부패와의 전쟁을 아예 제도화하겠다는 뜻입니다. 시주석은 이미 지난해 당대회때 후계자를 지명하지 않음으로써 장"
c1_151310-1,3세 아이는 왜 4층 창문에 매달려 있었어?,열쇠공이 문을 따는 소리에 겁을 먹고 창문 밖으로 도망을 치려다,doc_0003,1,0.858874,doc_0003,doc_0003_chunk_000,O,중국의 한 여성 경찰이 아파트에서 추락하던 3세 아이를 살리고 자신은 혼수상태에 빠졌습니다. 의인(義人)의 소식이 알려지자 각박한 중국 사회에 큰 반향을 일으키고 있습니다. 5일 귀주도시망 등 중국 현지 언론에 따르면 구이저우성 카일리시에 보조 교통 경찰로 일하는 천중핑(49)은 지난달 28일 한 아파트에서 비상 상황이 발생했다는 연락을 받고 현장으로 향했습니다. 도착했을 때 아파트 4층 창문에서 여자 아이가 매달려 있었습니다. 곧이어 아이는 손에 힘이 빠지면서 밑으로 추락했습니다. 천중핑과 다른 세명의 이웃들이 달려갔습니다. 그리고 아이는 바닥이 아니라 천중핑의 팔에 떨어졌습니다. 중간 비막이 천막 때문에 속도가 줄기는 했지만 추락의 충격은 천중핑이 고스란히 감당해야 했습니다. 아이는 즉시 병원으로 옮겨져 치료를 받았습니다. 다리 골절로 그리 심각한 상황은 아니라고 합니다. 하지만 생명의 은인이자 영웅은 커다란 댓가를 치러야 했다. 뇌출혈로 인한 의식불명 상태에 빠진 것이다. 다행히 이틀 간의 코마 상태 이후 의식을 회복해 지난 2일부터 중환자실에서 치료를 받고 있습니다. 아이는 열쇠공이 문을 따는 소리에 겁을 먹고 창문 밖으로 도망을 치려다 사고를 당한 것으로 전해졌습니다. 아이가 잠든 사이 돌보던 아이의 할머니가 쓰레기를 버리러 나갔다가 문이 잠기는 바람에 열쇠공을 불렀던 것입니다. 아이의 엄마는 “천중핑의 도움이 없었다면 아이
c1_151310-1,3세 아이는 왜 4층 창문에 매달려 있었어?,열쇠공이 문을 따는 소리에 겁을 먹고 창문 밖으로 도망을 치려다,doc_0003,2,0.842009,doc_0121,doc_0121_chunk_000,X,"에코 리브르/앙리 베베르 지음/ 임명주 옮김/8000원 ""아빠, 우리는 왜 좌파예요?"" 프랑스 사회당 소속 정치가이자 트로츠키주의자로 혁명적공산주의동맹의 리더로 쟁쟁한 좌파경력을 가진 앙리 베베르는 두 딸의 당돌한 질문에는 두손 두발을 들었다. ""아이구, 차라리 아이가 어떻게 태어나는지 알려 줄까?""라고 대답하는 아빠에게 ""됐거든요. 그건 다 알고 있거든요""라고 딸이 응수할 땐 킥킥 웃음이 터진다. 딸들은 현명하게도 휴가차 노르망디로 떠나는 자동차 안에서 이런 맹랑한 질문을 던졌다. 아빠가 어디로 도망갈 수도 없게 말이다. 그래서 시작되었다. 딸딸이 아빠 베베르의 좌파 이야기가. 누가 정치가 아니랄까봐 아빠 베베르는 역사 이야기부터 들고 나왔다. ""1789년 8월 28일 아주 중요한 투표가 있었단다. 왕정주의자는 의장이 있는 연단의 오른쪽으로 모였고, 왕정 반대자는 왼쪽으로 모였어. 이게 좌파, 우파라는 말의 기원이야. 알고 있니?"" 당연히 두 딸이 알았을 리가 없다. 설명이 영 시원찮다는 표정으로 곁눈질하는 딸들에게 압박감을 느낀 아빠는 좀 더 단정적으로 좌파 이야기를 하기로 결심한 모양이다. ""1차적인 정의를 정리하면 좌파는 변혁과 변화를 추구하고, 우파는 안정 보수 최소한의 변화를 지지한단다."" 당장 반격 들어오는 딸들. ""아빠는 저희를 놀리고 있어요. 우파도 자기들만의 방식으로 변화를 추구하고 있잖아요."" 이야, 정말 똑똑한"
c1_151310-1,3세 아이는 왜 4층 창문에 매달려 있었어?,열쇠공이 문을 따는 소리에 겁을 먹고 창문 밖으로 도망을 치려다,doc_0003,3,0.833742,doc_0113,doc_0113_chunk_001,X,"이게 문제라고 생각을 하고 있는 이 시점에서 제가 얘기하지 않으면 저는 아마 앞으로 평생 얘기를 못할 거라는 생각을 했고.] 가족이 상처를 받지 않을까 염려했지만 어렵사리 용기를 낸 이유도 역시 사랑하는 딸 때문이었습니다. [김민경/성폭력 피해자 : 제 딸이 나중에 커서 이런 일을 안 당했으면 좋겠지만, 만약에 당한다면, 저처럼 바보같이 침묵하지 말고 얘기할 수 있는 사회가 됐으면 좋겠어요.] KBS 뉴스 김채린입니다."""
c1_151311-1,열쇠공은 왜 잠긴 문을 따려고 한거야?,아이가 잠든 사이 돌보던 아이의 할머니가 쓰레기를 버리러 나갔다가 문이 잠기는 바람에 열쇠공을 불렀던 것,doc_0003,1,0.874131,doc_0003,doc_0003_chunk_000,O,중국의 한 여성 경찰이 아파트에서 추락하던 3세 아이를 살리고 자신은 혼수상태에 빠졌습니다. 의인(義人)의 소식이 알려지자 각박한 중국 사회에 큰 반향을 일으키고 있습니다. 5일 귀주도시망 등 중국 현지 언론에 따르면 구이저우성 카일리시에 보조 교통 경찰로 일하는 천중핑(49)은 지난달 28일 한 아파트에서 비상 상황이 발생했다는 연락을 받고 현장으로 향했습니다. 도착했을 때 아파트 4층 창문에서 여자 아이가 매달려 있었습니다. 곧이어 아이는 손에 힘이 빠지면서 밑으로 추락했습니다. 천중핑과 다른 세명의 이웃들이 달려갔습니다. 그리고 아이는 바닥이 아니라 천중핑의 팔에 떨어졌습니다. 중간 비막이 천막 때문에 속도가 줄기는 했지만 추락의 충격은 천중핑이 고스란히 감당해야 했습니다. 아이는 즉시 병원으로 옮겨져 치료를 받았습니다. 다리 골절로 그리 심각한 상황은 아니라고 합니다. 하지만 생명의 은인이자 영웅은 커다란 댓가를 치러야 했다. 뇌출혈로 인한 의식불명 상태에 빠진 것이다. 다행히 이틀 간의 코마 상태 이후 의식을 회복해 지난 2일부터 중환자실에서 치료를 받고 있습니다. 아이는 열쇠공이 문을 따는 소리에 겁을 먹고 창문 밖으로 도망을 치려다 사고를 당한 것으로 전해졌습니다. 아이가 잠든 사이 돌보던 아이의 할머니가 쓰레기를 버리러 나갔다가 문이 잠기는 바람에 열쇠공을 불렀던 것입니다. 아이의 엄마는 “천중핑의 도움이 없었다면 아이
c1_151311-1,열쇠공은 왜 잠긴 문을 따려고 한거야?,아이가 잠든 사이 돌보던 아이의 할머니가 쓰레기를 버리러 나갔다가 문이 잠기는 바람에 열쇠공을 불렀던 것,doc_0003,2,0.842319,doc_0003,doc_0003_chunk_001,X,이 잠기는 바람에 열쇠공을 불렀던 것입니다. 아이의 엄마는 “천중핑의 도움이 없었다면 아이는 죽었을 것”이라며 딸을 구해준 천중핑에게 감사의 뜻을 전했습다. 카일리시 정부 대표와 공안부 관계자들도 천중핑이 입원한 병원을 찾아 위로하고 회복될때까지 도움을 아끼지 않겠다고 밝혔습니다. 천중핑의 선행 사실을 접한 중국 기업 알리바바도 ‘중국의 좋은 이웃상’과 함께 상금 1만 위안(약 170만원)을 수여하기로 했습니다. [아직 살만한 세상]은 점점 각박해지는 세상에 희망과 믿음을 주는 이들의 이야기입니다. 힘들고 지칠 때 아직 살만한 세상을 만들어가는 ‘아살세’ 사람들의 목소리를 들어보세요. 따뜻한 세상을 꿈꾸는 독자 여러분의 제보를 기다립니다. 맹경환 기자 khmaeng@kmib.co.kr
c1_151311-1,열쇠공은 왜 잠긴 문을 따려고 한거야?,아이가 잠든 사이 돌보던 아이의 할머니가 쓰레기를 버리러 나갔다가 문이 잠기는 바람에 열쇠공을 불렀던 것,doc_0003,3,0.819355,doc_0026,doc_0026_chunk_001,X,"“실무자에게 소통에 지장을 주는 게 그것 뿐이냐며, 문화적 효용을 고려해 재검토하라고 지시했다”고 말했다. 경찰은 일사천리로 사업을 추진해 한달여만인 9월1일 동십자각에 건널목이 생겼다. 이 사이 유홍준씨는 문화재청장에 내정돼, 건널목이 생긴 날 임명됐다. 허 청장은 “유 청장이 임명된 뒤 감사하다며 전화를 걸어왔다”며 “조금만 더 건널목이 늦게 설치됐다면 문화재청장의 1호 업적이 됐을 것이라고 농담을 하던 기억이 난다”고 말하며 웃었다. 종로경찰서 관계자는 “건널목이 생긴 뒤에도 교통 흐름은 원활하다”며 “시민들의 반응이 좋다”고 말했다."
c1_36509-1,부정당업자를 제재하는 '부정당제재'를 행하는 정부 기관은?,조달청,doc_0004,1,0.866711,doc_0004,doc_0004_chunk_000,O,"[[the300]기업들 행정가처분 소송도 증가, 조달청 패소율 86%]조달청이 부정당업자를 제재하는 '부정당제재' 건수가 최근 4년 새 2배 가까이 증가한 것으로 확인됐다.28일 국회 기획재정위원회 소속 엄용수 |자유한국당| 의원실이 조달청에서 입수한 자료에 따르면 부정당제재 건수는 2012년 233건이던에서 지난해 442건으로 증가했다. 올해엔 7월까지 324건으로 나타났다.조달청은 불공정 조달행위가 생길 경우 계약심사협의회에서 내부 심의를 거쳐 부정당업체로 등록을 하고 제재를 실시하고 있다.조달청의 행정 처분에 대한 피제재기업의 행정가처분 소송 건수 증가세는 더 가파랐다. 2012년 20건에 불과했던 가처분 소송은 지난해 116건으로 4년만에 5.8배 급증했다. 올해는 7월까지 총 59건 접수됐다. 소송 결과 인용률(조달청 패소율)은 평균 86%에 달한다.부정당제제 행정처분의 원인이 되는 본안 소송도 해마다 늘고 있다. 지난해 본안 소송 건수는 107건에 달했다. 인용률은 28%까지 치솟았다. 본안 소송에서 조달청이 패소했다는 건 소송 제재 자체에 문제가 있었다는 의미다.엄 의원은 ""조달청이 정확한 행정 집행을 통해 업무를 마무리하는 것이 아니라 기업의 소송액 등 부담을 가중시키는 소송을 유발하고 있다""며 ""관련 제도 정비 등 조달행정 선진화를 통해 기업 부담을 가중시키는 소송이 남발하지 않도록 특단의 조치가 필요하다""고 강조했다"
c1_36509-1,부정당업자를 제재하는 '부정당제재'를 행하는 정부 기관은?,조달청,doc_0004,2,0.86462,doc_0004,doc_0004_chunk_001,O,"를 통해 기업 부담을 가중시키는 소송이 남발하지 않도록 특단의 조치가 필요하다""고 강조했다.조달청 관계자는 ""지방계약법이 개정되면서 지방자치단체의 부정당업자 제재권한이 조달청으로 이관된 것이 조달청 제재건수가 증가한 가장 큰 이유""라고 해명했다. 김평화 기자 peace@mt.co.kr"
c1_36509-1,부정당업자를 제재하는 '부정당제재'를 행하는 정부 기관은?,조달청,doc_0004,3,0.831212,doc_0027,doc_0027_chunk_000,X,"정부가 개발제한구역내 불법행위에 대해 특별 점검을 실시한다. 국토해양부는 개발제한구역 관리를 철저히 하고 불법 행위를 근절하기 위해 지방자치단체와 합동으로 9~19일까지 특별점검을 실시한다고 9일 밝혔다. 이번 특별점검은 국토부 공무원 26명과 시·도 공무원 32명 등 총 58명이 투입돼 전국 13개 시·도와 90개 시·군·구를 대상으로 진행된다. 엄정한 단속을 위해 지자체 직원을 다른 시·도지역으로 보내는 '교차 점검' 방식으로 단속한다. 주로 개발제한구역내 무허가 건축 행위, 불법용도변경, 불법 물건적치, 불법 토지형질변경, 위법 시공 등을 점검할 계획이다. 국토부는 특히 특별점검 시 개발제한구역내 건축물 전수조사자료를 활용해 지자체별 불법 건축물 조치실태와, 이행강제금 제도의 집행 실태 및 실효성 등도 집중 점검할 예정이다. 국토부는 적발되는 불법행위에 대해 자진철거 및 원상복구토록 조치하고 이행하지 않을 경우, 고발과 이행강제금 부과 등 강력한 행정조치를 취하도록 해당 지자체에 통보할 방침이다. 한편, 국토부는 개발제한구역내 불법행위 근절을 위해 매년 1~2차례 특별점검을 실시하고 있다. 지난해 실시한 합동 단속을 통해 불법 건축 175건, 불법 용도변경 55건 등 총 251건의 불법행위를 적발했다. 이와 함께 2009년 개발제한구역 관리강화를 위해 불법행위에 대한 이행강제금을 도입했으며, 2010~2011년에는 전국 개발제한"
c1_36510-1,부정당제재 건수가 233건이던 해는 언제인가?,2012년,doc_0004,1,0.844015,doc_0004,doc_0004_chunk_000,O,"[[the300]기업들 행정가처분 소송도 증가, 조달청 패소율 86%]조달청이 부정당업자를 제재하는 '부정당제재' 건수가 최근 4년 새 2배 가까이 증가한 것으로 확인됐다.28일 국회 기획재정위원회 소속 엄용수 |자유한국당| 의원실이 조달청에서 입수한 자료에 따르면 부정당제재 건수는 2012년 233건이던에서 지난해 442건으로 증가했다. 올해엔 7월까지 324건으로 나타났다.조달청은 불공정 조달행위가 생길 경우 계약심사협의회에서 내부 심의를 거쳐 부정당업체로 등록을 하고 제재를 실시하고 있다.조달청의 행정 처분에 대한 피제재기업의 행정가처분 소송 건수 증가세는 더 가파랐다. 2012년 20건에 불과했던 가처분 소송은 지난해 116건으로 4년만에 5.8배 급증했다. 올해는 7월까지 총 59건 접수됐다. 소송 결과 인용률(조달청 패소율)은 평균 86%에 달한다.부정당제제 행정처분의 원인이 되는 본안 소송도 해마다 늘고 있다. 지난해 본안 소송 건수는 107건에 달했다. 인용률은 28%까지 치솟았다. 본안 소송에서 조달청이 패소했다는 건 소송 제재 자체에 문제가 있었다는 의미다.엄 의원은 ""조달청이 정확한 행정 집행을 통해 업무를 마무리하는 것이 아니라 기업의 소송액 등 부담을 가중시키는 소송을 유발하고 있다""며 ""관련 제도 정비 등 조달행정 선진화를 통해 기업 부담을 가중시키는 소송이 남발하지 않도록 특단의 조치가 필요하다""고 강조했다"
c1_36510-1,부정당제재 건수가 233건이던 해는 언제인가?,2012년,doc_0004,2,0.803371,doc_0069,doc_0069_chunk_000,X,"국가정보원이 지난 2009년 5월 고 노무현 전 대통령 서거 당시에도 '정신적으로 불안한 사람' '통 크게 뇌물 먹고 자살한 사람' 등의 비판댓글을 유포한 것으로 나타났다. 민주당 진선미 의원이 26일 서울중앙지검으로부터 제출받은 '국정원 대선 개입 사건 범죄일람표'에 따르면, 국정원은 지난 2009년 5월23일 노 전 대통령 서거 뒤 노 전 대통령과 추모 열기를 비판하는 내용의 댓글 수 백개를 인터넷 사이트 게시판에 무더기로 올린 것으로 나타났다. 자료를 살펴보면 이 같은 댓글 유포는 원세훈 전 국정원장이 취임한 직후인 2009년 2월부터 시작했다. 국정원 직원들에 의한 댓글은 포털 사이트 '다음'의 '아고라'는 물론 다른 포털사이트인 '네이버'와 '네이트' 등에도 달렸다. 검찰이 확보한 댓글에는 ""통 크게 뇌물 먹고 자살한 자는 순교자지?"", ""정신적으로 불안한 사람을 지도자로 뽑으면 안 되겠다"", ""노무현은 자살한 거지, 주변의 뇌물수수에 대해 원망하다가 검찰 수사에 분노하다가, 자기 자신을 향해 분노를 터뜨린 것에 불과한 것"", ""놈현이가 저세상에 와서 보니 아주 큰 죄가 많았군요~ 살아있을 때 잘하지~ 왜 거기 가서 죽어서 후회하나~좌빨 여러분~ 있을 때 잘하세요~"" 등이 포함돼 있다."
c1_36510-1,부정당제재 건수가 233건이던 해는 언제인가?,2012년,doc_0004,3,0.799372,doc_0027,doc_0027_chunk_000,X,"정부가 개발제한구역내 불법행위에 대해 특별 점검을 실시한다. 국토해양부는 개발제한구역 관리를 철저히 하고 불법 행위를 근절하기 위해 지방자치단체와 합동으로 9~19일까지 특별점검을 실시한다고 9일 밝혔다. 이번 특별점검은 국토부 공무원 26명과 시·도 공무원 32명 등 총 58명이 투입돼 전국 13개 시·도와 90개 시·군·구를 대상으로 진행된다. 엄정한 단속을 위해 지자체 직원을 다른 시·도지역으로 보내는 '교차 점검' 방식으로 단속한다. 주로 개발제한구역내 무허가 건축 행위, 불법용도변경, 불법 물건적치, 불법 토지형질변경, 위법 시공 등을 점검할 계획이다. 국토부는 특히 특별점검 시 개발제한구역내 건축물 전수조사자료를 활용해 지자체별 불법 건축물 조치실태와, 이행강제금 제도의 집행 실태 및 실효성 등도 집중 점검할 예정이다. 국토부는 적발되는 불법행위에 대해 자진철거 및 원상복구토록 조치하고 이행하지 않을 경우, 고발과 이행강제금 부과 등 강력한 행정조치를 취하도록 해당 지자체에 통보할 방침이다. 한편, 국토부는 개발제한구역내 불법행위 근절을 위해 매년 1~2차례 특별점검을 실시하고 있다. 지난해 실시한 합동 단속을 통해 불법 건축 175건, 불법 용도변경 55건 등 총 251건의 불법행위를 적발했다. 이와 함께 2009년 개발제한구역 관리강화를 위해 불법행위에 대한 이행강제금을 도입했으며, 2010~2011년에는 전국 개발제한"
c1_36511-1,본안 소송에서 조달청이 패소했다는 건 무엇을 의미하는가?,소송 제재 자체에 문제가 있었다는 의미,doc_0004,1,0.85943,doc_0004,doc_0004_chunk_000,O,"[[the300]기업들 행정가처분 소송도 증가, 조달청 패소율 86%]조달청이 부정당업자를 제재하는 '부정당제재' 건수가 최근 4년 새 2배 가까이 증가한 것으로 확인됐다.28일 국회 기획재정위원회 소속 엄용수 |자유한국당| 의원실이 조달청에서 입수한 자료에 따르면 부정당제재 건수는 2012년 233건이던에서 지난해 442건으로 증가했다. 올해엔 7월까지 324건으로 나타났다.조달청은 불공정 조달행위가 생길 경우 계약심사협의회에서 내부 심의를 거쳐 부정당업체로 등록을 하고 제재를 실시하고 있다.조달청의 행정 처분에 대한 피제재기업의 행정가처분 소송 건수 증가세는 더 가파랐다. 2012년 20건에 불과했던 가처분 소송은 지난해 116건으로 4년만에 5.8배 급증했다. 올해는 7월까지 총 59건 접수됐다. 소송 결과 인용률(조달청 패소율)은 평균 86%에 달한다.부정당제제 행정처분의 원인이 되는 본안 소송도 해마다 늘고 있다. 지난해 본안 소송 건수는 107건에 달했다. 인용률은 28%까지 치솟았다. 본안 소송에서 조달청이 패소했다는 건 소송 제재 자체에 문제가 있었다는 의미다.엄 의원은 ""조달청이 정확한 행정 집행을 통해 업무를 마무리하는 것이 아니라 기업의 소송액 등 부담을 가중시키는 소송을 유발하고 있다""며 ""관련 제도 정비 등 조달행정 선진화를 통해 기업 부담을 가중시키는 소송이 남발하지 않도록 특단의 조치가 필요하다""고 강조했다"
c1_36511-1,본안 소송에서 조달청이 패소했다는 건 무엇을 의미하는가?,소송 제재 자체에 문제가 있었다는 의미,doc_0004,2,0.832886,doc_0004,doc_0004_chunk_001,X,"를 통해 기업 부담을 가중시키는 소송이 남발하지 않도록 특단의 조치가 필요하다""고 강조했다.조달청 관계자는 ""지방계약법이 개정되면서 지방자치단체의 부정당업자 제재권한이 조달청으로 이관된 것이 조달청 제재건수가 증가한 가장 큰 이유""라고 해명했다. 김평화 기자 peace@mt.co.kr"
c1_36511-1,본안 소송에서 조달청이 패소했다는 건 무엇을 의미하는가?,소송 제재 자체에 문제가 있었다는 의미,doc_0004,3,0.822511,doc_0112,doc_0112_chunk_000,X,"지율스님이 매번 청와대 근처에서 단식농성을 하는 건 바로 이 약속을 지키라는묵언의 시위인 셈이다. 곽결호 환경부 장관의 약속 위반도 마찬가지 이유에서 그의비난을 받았다. ◆해결책 없나= 현재로선 지율스님의 생명을 살리면서 합리적인 해결책을 찾을수 있는 가능성은 그리 크지 않은게 사실이다. 지율스님은 ‘3개월 발파공사 중지 및 환경영향 공동 조사’라는 제의를 해놓고정부 답변을 기다리던 지난달 20일 와 만나 “나로서는 물러설만큼 물러섰다. 정부가 받아들이지 않는다면 답답한 건 내가 아니라 정부다”라고 말했다. 이는 기존의 ‘선조사, 후공사’ 요구와 비교할 때 사실상 ‘공사 중지 요구’는 포기한 것이나 마찬가지라는게 측근들의 설명이다. 해결책을 찾는다면 ‘환경영향 공동 조사와 이를 위한 공사 일정 조정’ 정도에서찾아야 했는데 정부가 “일개인 때문에 국책사업을 자꾸만 중단한다는게 말이 되느냐”는 여론을 의식, 공동 조사마저 거부하는 바람에 사태가 악화될 대로 악화됐다는것. 한나라당과 민주노동당 등 야당 의원들이 ‘환경영향평가 재실시’ 결의안 상정등을 약속하고 있는 것은 이 점을 의식한 행동으로 풀이된다. 하지만 정부가 이를 받아들일 가능성이 적은데다 100일을 앞둔 시점이어서 이미늦은게 아니냐는 관측마저 나오고 있다. 지율스님측 이동준 변호사는 최근 “나를 비롯해서 스님과 가까운 이들도 스님을만날 때마다 단식을 풀라고 간곡히 부탁했지만 소"
c1_36512-1,조달청은 불공정 조달행위가 생길 경우 어떻게 하고 있는가?,계약심사협의회에서 내부 심의를 거쳐 부정당업체로 등록을 하고 제재를 실시,doc_0004,1,0.86305,doc_0004,doc_0004_chunk_000,O,"[[the300]기업들 행정가처분 소송도 증가, 조달청 패소율 86%]조달청이 부정당업자를 제재하는 '부정당제재' 건수가 최근 4년 새 2배 가까이 증가한 것으로 확인됐다.28일 국회 기획재정위원회 소속 엄용수 |자유한국당| 의원실이 조달청에서 입수한 자료에 따르면 부정당제재 건수는 2012년 233건이던에서 지난해 442건으로 증가했다. 올해엔 7월까지 324건으로 나타났다.조달청은 불공정 조달행위가 생길 경우 계약심사협의회에서 내부 심의를 거쳐 부정당업체로 등록을 하고 제재를 실시하고 있다.조달청의 행정 처분에 대한 피제재기업의 행정가처분 소송 건수 증가세는 더 가파랐다. 2012년 20건에 불과했던 가처분 소송은 지난해 116건으로 4년만에 5.8배 급증했다. 올해는 7월까지 총 59건 접수됐다. 소송 결과 인용률(조달청 패소율)은 평균 86%에 달한다.부정당제제 행정처분의 원인이 되는 본안 소송도 해마다 늘고 있다. 지난해 본안 소송 건수는 107건에 달했다. 인용률은 28%까지 치솟았다. 본안 소송에서 조달청이 패소했다는 건 소송 제재 자체에 문제가 있었다는 의미다.엄 의원은 ""조달청이 정확한 행정 집행을 통해 업무를 마무리하는 것이 아니라 기업의 소송액 등 부담을 가중시키는 소송을 유발하고 있다""며 ""관련 제도 정비 등 조달행정 선진화를 통해 기업 부담을 가중시키는 소송이 남발하지 않도록 특단의 조치가 필요하다""고 강조했다"
c1_36512-1,조달청은 불공정 조달행위가 생길 경우 어떻게 하고 있는가?,계약심사협의회에서 내부 심의를 거쳐 부정당업체로 등록을 하고 제재를 실시,doc_0004,2,0.845693,doc_0004,doc_0004_chunk_001,X,"를 통해 기업 부담을 가중시키는 소송이 남발하지 않도록 특단의 조치가 필요하다""고 강조했다.조달청 관계자는 ""지방계약법이 개정되면서 지방자치단체의 부정당업자 제재권한이 조달청으로 이관된 것이 조달청 제재건수가 증가한 가장 큰 이유""라고 해명했다. 김평화 기자 peace@mt.co.kr"
c1_36512-1,조달청은 불공정 조달행위가 생길 경우 어떻게 하고 있는가?,계약심사협의회에서 내부 심의를 거쳐 부정당업체로 등록을 하고 제재를 실시,doc_0004,3,0.834839,doc_0058,doc_0058_chunk_001,X,"금속탐지기로 검색을 받아야 하며, 불응하면 부정행위로 간주된다. 또 시험장마다 휴대용 전파감식기를 1대씩 나눠줘 시험실을 무작위로 선정해 휴대전화 사용 여부를 점검하게 되는데, 전파가 이용된 사실이 감지되면 그 교시 시험이 끝난 뒤 휴대용 금속탐지기를 동원, 검색을 실시하게 되고 이에 불응해도 부정행위자가 된다. 아울러 카메라 펜 등 유의사항에 명시된 금지 물품을 1교시가 시작되기 전에 제출하지 않거나, 쉬는 시간과 점심시간에 반입 금지물품 미제출 사실이 적발되더라도부정행위로 처리된다. 필기구도 시험시작 전 나눠주는 컴퓨터용 사인펜과 연필 등을 제외하고 절대 꺼내놔서는 안되며 보청기, 돋보기 등 신체조건이나 의료상 필요한 물품은 매 교시 시험실 감독관의 사전 점검을 받아 휴대할 수 있도록 했다. 이밖에 대리시험을 막기 위해 시험시작 전 감독관이 본인 여부를 확인하게 되는데 수험생 협조 의무가 명시돼 이에 따르지 않으면 `감독관 지시 불이행'으로 역시시험이 무효가 된다."
c1_36513-1,조달청 관계자가 밝힌 조달청 제재건수가 증가한 가장 큰 이유는?,지방계약법이 개정되면서 지방자치단체의 부정당업자 제재권한이 조달청으로 이관된 것,doc_0004,1,0.897803,doc_0004,doc_0004_chunk_001,O,"를 통해 기업 부담을 가중시키는 소송이 남발하지 않도록 특단의 조치가 필요하다""고 강조했다.조달청 관계자는 ""지방계약법이 개정되면서 지방자치단체의 부정당업자 제재권한이 조달청으로 이관된 것이 조달청 제재건수가 증가한 가장 큰 이유""라고 해명했다. 김평화 기자 peace@mt.co.kr"
c1_36513-1,조달청 관계자가 밝힌 조달청 제재건수가 증가한 가장 큰 이유는?,지방계약법이 개정되면서 지방자치단체의 부정당업자 제재권한이 조달청으로 이관된 것,doc_0004,2,0.887689,doc_0004,doc_0004_chunk_000,X,"[[the300]기업들 행정가처분 소송도 증가, 조달청 패소율 86%]조달청이 부정당업자를 제재하는 '부정당제재' 건수가 최근 4년 새 2배 가까이 증가한 것으로 확인됐다.28일 국회 기획재정위원회 소속 엄용수 |자유한국당| 의원실이 조달청에서 입수한 자료에 따르면 부정당제재 건수는 2012년 233건이던에서 지난해 442건으로 증가했다. 올해엔 7월까지 324건으로 나타났다.조달청은 불공정 조달행위가 생길 경우 계약심사협의회에서 내부 심의를 거쳐 부정당업체로 등록을 하고 제재를 실시하고 있다.조달청의 행정 처분에 대한 피제재기업의 행정가처분 소송 건수 증가세는 더 가파랐다. 2012년 20건에 불과했던 가처분 소송은 지난해 116건으로 4년만에 5.8배 급증했다. 올해는 7월까지 총 59건 접수됐다. 소송 결과 인용률(조달청 패소율)은 평균 86%에 달한다.부정당제제 행정처분의 원인이 되는 본안 소송도 해마다 늘고 있다. 지난해 본안 소송 건수는 107건에 달했다. 인용률은 28%까지 치솟았다. 본안 소송에서 조달청이 패소했다는 건 소송 제재 자체에 문제가 있었다는 의미다.엄 의원은 ""조달청이 정확한 행정 집행을 통해 업무를 마무리하는 것이 아니라 기업의 소송액 등 부담을 가중시키는 소송을 유발하고 있다""며 ""관련 제도 정비 등 조달행정 선진화를 통해 기업 부담을 가중시키는 소송이 남발하지 않도록 특단의 조치가 필요하다""고 강조했다"
c1_36513-1,조달청 관계자가 밝힌 조달청 제재건수가 증가한 가장 큰 이유는?,지방계약법이 개정되면서 지방자치단체의 부정당업자 제재권한이 조달청으로 이관된 것,doc_0004,3,0.846934,doc_0036,doc_0036_chunk_000,X,"금융위원회가 부과하는 과징금·과태료 수납률이 저조해 개선방안이 필요하다는 지적이 나왔다. 국회예산정책처가 최근 펴낸 '2011회계연도 결산 분석 종합' 보고서에 따르면 지난해 금융위가 공시위반 기업 등에 부과한 과징금 및 과태료는 총 421억5000만원에 달했지만 실제 걷힌 금액은143억100만원으로 수납률이 33.9%에 달했다. 과징금은 징수결정액 401억1200만원 중 133억3200만원이 수납돼 수납률이 33.2%에 그쳤고, 과태료도 20억3800만원중 9억6900만원만 걷혀 수납률이 47.5%에 머물렀다. 이처럼 징수실적이 저조한 것은 과징금 대부분 법인이 납부자인데 과징금 부과조치를 받는 시점이면 이미 폐업이나 상장폐지 단계에 이르러 납부능력을 상실하는 경우가 많기 때문이다. 이 때문에 과징금 수납률은 2008년 이후 매년 50%를 밑돌고 있다. 이에 따라 보고서는 금융위가 전담인력을 증원하거나 국세청에 위탁해 수납하는 방법 등 적극적인 체납관리체계를 구축하기 위해 노력할 필요가 있다고 지적했다. 보고서는 또 금융위의 금융중심지 추진사업 실적이 저조하다며 실적 제고방안 마련의 필요성을 제기했다. 금융중심지 추진사업은 금융중심지로 지정된 서울과 부산에 해외 금융기관이 진출하도록 도움을 주기 위한 것으로 지난해에 보조금으로 7억2300만원의 예산이 책정되기도 했다. 하지만 서울금융중심지 입주기업 현황 분석 결과 외국금융사 신규유"
c1_81296-1,화성 탐사 로버인 오퍼튜니티는 누가 만든거야?,NASA,doc_0005,1,0.875187,doc_0005,doc_0005_chunk_000,O,"◈ NASA의 화성 탐사 로버인 오퍼튜니티(Opportunity)가 화성 표면에서 운석으로 보이는 특이한 암석을 발견했다. 탐사 로버는 약 2주 전, 지난 2004년 1월에 화성으로 하강할 때 사용된 열 차폐 방패(heat shield)에 접근하면서 이 암석을 처음 발견했다. 약 감자 하나만한 크기의 이 암석은 표면이 울퉁불퉁한 홈이 파여 있기 때문에 지상 관제소 사람들의 관심을 받았다. 오퍼튜니티의 적외선 분광계인 Mini-TES의 분석에 따르면, 이 암석에서는 화성 암석에서 나오는 전형적인 열 적외선이 나오지 않았기 때문에, 과학자들은 이것이 금속 성분이 많이 포함된 운석인 것으로 생각하고 있다. 오퍼튜니티호는 주말 동안 이 암석 근처에 머물면서 이것이 운석인지를 확실하게 알아낼 것이다."
c1_81296-1,화성 탐사 로버인 오퍼튜니티는 누가 만든거야?,NASA,doc_0005,2,0.819206,doc_0168,doc_0168_chunk_000,X,"“태권도 기술·정신 함께 담아낼 터” “우리 프로젝트의 근본은 태권도 정신이다. 요새처럼 컴퓨터 게임의 버튼 하나로 적을 죽일 수 있는 시대에 태권도 정신의 의미는 크다고 생각한다. 정정당당히 겨뤄 승부를 내는 것을 말한다. 이런 게임문화에 익숙한 서유럽쪽에 한국의 태권도 정신을 느끼게 하는 작품을 만들겠다.” 경기도 문화의전당이 기획·제작해 오는 5월 말 서울에서 첫선을 보이는 태권도 소재 넌버벌 퍼포먼스 〈달밤의 기사〉(가제)의 연출을 맡은 키르키스탄 출신의 세계적인 연출가 빅토르 크라메르(43)가 28일 기자회견에서 “태권도의 화려한 기술적인 면 뿐만 아니라 태권도 고유의 정신적인 면을 잘 조화시키겠다”고 밝혔다. 빅토르 크라메르는 〈슬라바 프로닌의 스노우쇼〉와 〈판타지아-바람을 기다리는 여섯 사람〉 등의 작품으로 영국 ‘로렌스 올리비에 기념 최고연극상’, 에딘버러 페스티벌의 ‘에딘버러 프린지 퍼스트’, 러시아 민족상 ‘황금마스크’ 연출상 등을 수상하고 세계의 이름난 페스티벌과 연극제에 초청된 세계적인 연출가이다. 그는 “태권도는 동양적인 것에 매우 관심이 많은 유럽인들도 흥미를 가질 수 있는 소재”라면서 “서양과 동양의 양문화의 매개체가 될 수 있는 공연을 만들 수 있을 것 같다는 확신이 들었다”고 말했다. 그는 태권도를 이해하기 위해 지난해 12월부터 두 차례 한국을 방문하면서 한국의 구석구석을 보아왔고 많은 태권도 관련 테"
c1_81296-1,화성 탐사 로버인 오퍼튜니티는 누가 만든거야?,NASA,doc_0005,3,0.814427,doc_0118,doc_0118_chunk_000,X,"[엑스포츠뉴스 전아람 기자] 래퍼 자메즈(Ja Mezz)가 첫 정규앨범 'GOØDevil' 의 수록곡을 공개했다.15일 오후 6시, 자메즈의 첫 정규 앨범 'GOØDevil'의 선공개 싱글이 발표됐다. '연금술(?金術)'은 도끼와 송민호가 참여하고 뱅그로즈가 프로듀싱했으며 '토르크막토(toruk makto)'는 박재범, 스컬, 쿤타가 참여하고 그루비룸이 프로듀싱한 곡이다.'연금술'은 일본의 애니메이션 '강철의 연금술사'에서 영감을 받았고 그에 대한 오마주를 담은 애니메이션 뮤직비디오가 제작됐다. '토르크막토'는 영화 '아바타'에서 영감을 받았다. 데뷔 5년차를 맞은 자메즈의 이번 정규앨범의 제목은 'God(신)'과 'Devil(악 마)', 또는 'Good(선)'과 'Evil(악)'의 합성어로 음반은 이들의 공존과 대비, 그 당위와 존재에 관한 의문과 감상을 담았다.자메즈는 이번 정규 음반을 위해 2년에 가까운 작업기간을 갖고 각고의 공을 들였다. 그는 그간 EP앨범과 10장 이상의 싱글앨범을 발표했으나 정규앨범 발표는 이번이 처음이다. 자메즈는 개성 있는 자신만의 예술 세계를 꾸준히 구축해온 아티스트로 평가받는다. 그는 데뷔 초부터 여타 아티스트와는 자신을 확실하게 구분할 수 있는 철학과 세계관, 비주얼과 스타일을 자신의 음악, 가사, 비디오, 아트워크 등을 통해 녹여왔다. 또 이런 모습을 통해 자메즈는 힙합씬에서 독자적인 입지를 다"
c1_81297-1,오퍼튜니티는 언제 화성으로 하강했어?,2004년 1월,doc_0005,1,0.874543,doc_0005,doc_0005_chunk_000,O,"◈ NASA의 화성 탐사 로버인 오퍼튜니티(Opportunity)가 화성 표면에서 운석으로 보이는 특이한 암석을 발견했다. 탐사 로버는 약 2주 전, 지난 2004년 1월에 화성으로 하강할 때 사용된 열 차폐 방패(heat shield)에 접근하면서 이 암석을 처음 발견했다. 약 감자 하나만한 크기의 이 암석은 표면이 울퉁불퉁한 홈이 파여 있기 때문에 지상 관제소 사람들의 관심을 받았다. 오퍼튜니티의 적외선 분광계인 Mini-TES의 분석에 따르면, 이 암석에서는 화성 암석에서 나오는 전형적인 열 적외선이 나오지 않았기 때문에, 과학자들은 이것이 금속 성분이 많이 포함된 운석인 것으로 생각하고 있다. 오퍼튜니티호는 주말 동안 이 암석 근처에 머물면서 이것이 운석인지를 확실하게 알아낼 것이다."
c1_81297-1,오퍼튜니티는 언제 화성으로 하강했어?,2004년 1월,doc_0005,2,0.804555,doc_0200,doc_0200_chunk_000,X,"◈ 과거 지구가 우주의 먼지 구름을 통과하면서 급속히 냉각됐을지도 모른다는 새로운 이론이 나왔다. 이에 따르면, 먼지 구름에 의해 지구 전체가 완전하게 얼음으로 뒤덮였다는 것이다. 미국과 러시아 과학자들은 성간 먼지가 지구 대기에 축적되어 지구를 냉각시켰으며, 이로 인해 지구 전체가 눈에 덮였을 것이라고 주장하고 있다. University of Colorado의 Alexander Pavlov와 그의 동료들은 이러한 우주 먼지에 의한 기후 냉각이 반드시 일어난다고 주장했다. 지난 20억 년 동안 태양계가 적어도 두 번 이상 “눈 덮인 지구(Snowball Earth)”를 만들만큼의 우주 먼지를 지나갔으며, 6억 년에서 7억 5천만년 사이에 이러한 냉각이 일어났다는 것이다. 우리 은하에는 수많은 분자 상태의 구름이 있으며 이들이 뭉쳐서 먼지 입자로 변한다. 태양계는 은하 속을 움직이면서 1억 년에서 10억 년에 한번 꼴로 우주 먼지 구름을 지나간다. 먼지 입자는 태양 빛을 우주로 반사시키면서 지구에서 나오는 열을 우주로 통과시킨다. 결국 먼지 입자는 지구온난화를 일으키는 온실가스와 정확히 반대의 역할을 하는 것이다. 출처 : KISTI의 과학향기"
c1_81297-1,오퍼튜니티는 언제 화성으로 하강했어?,2004년 1월,doc_0005,3,0.791315,doc_0024,doc_0024_chunk_001,X,tion.com)와 페이스북(www.facebook.com/INT.spaceout.competition)에서 신청할 수 있다. 당일 결원이 생기면 현장에서 추첨해 충원한다. 최종 참가자는 10일 낮 12시 한강사업본부 홈페이지 새 소식란에서 발표되며 개별 통보도 된다. 대회 당일 비가 오거나 미세먼지·황사 주의보 및 경보 발령 땐 일주일 뒤인 29일 같은 시간 같은 장소에서 진행된다. 권중혁 기자 green@kmib.co.kr
c1_81298-1,탐사 로버 오퍼튜니티는 어디서 탐사중이야?,화성,doc_0005,1,0.872216,doc_0005,doc_0005_chunk_000,O,"◈ NASA의 화성 탐사 로버인 오퍼튜니티(Opportunity)가 화성 표면에서 운석으로 보이는 특이한 암석을 발견했다. 탐사 로버는 약 2주 전, 지난 2004년 1월에 화성으로 하강할 때 사용된 열 차폐 방패(heat shield)에 접근하면서 이 암석을 처음 발견했다. 약 감자 하나만한 크기의 이 암석은 표면이 울퉁불퉁한 홈이 파여 있기 때문에 지상 관제소 사람들의 관심을 받았다. 오퍼튜니티의 적외선 분광계인 Mini-TES의 분석에 따르면, 이 암석에서는 화성 암석에서 나오는 전형적인 열 적외선이 나오지 않았기 때문에, 과학자들은 이것이 금속 성분이 많이 포함된 운석인 것으로 생각하고 있다. 오퍼튜니티호는 주말 동안 이 암석 근처에 머물면서 이것이 운석인지를 확실하게 알아낼 것이다."
c1_81298-1,탐사 로버 오퍼튜니티는 어디서 탐사중이야?,화성,doc_0005,2,0.821913,doc_0146,doc_0146_chunk_000,X,"법무부는 8일 프랑스의 열차 제작업체 로르 그룹의 로베르 로르 회장이 서울의 공개된 장소에서 김우중 전 대우그룹 회장을 만났다는 외신보도와 관련, ""가능성이 매우 희박하다""는 반응을 보였다. 길태기 법무부 공보관은 ""김우중씨 명의로 된 한국 여권과 프랑스 여권을 모두확인한 결과, 김우중 전 회장이 출국한 이후 어느 쪽 여권으로도 귀국한 적이 없는것으로 확인됐다""고 밝혔다. 법무부 출입국관리국 고위관계자도 ""김우중 전 회장 정도의 인물이라면 설령 위조여권을 가지고 있었더라도 출입국 직원이 못알아봤을리 없다""며 ""요인들의 출입국내역은 모두 보고를 받는데 김우중 전 회장에 대해서는 전혀 보고받은 바 없다""고말했다. 대검 중수부도 김우중 전 회장이 사기대출 혐의로 기소중지된 상태이기 때문에한국에 입국했다면 통보조치가 있었을 것이라면서 김 전 회장의 입국설에 회의적인반응을 보였다. 검찰 관계자는 ""김 전 회장은 외교통상부와 재외 공관을 통해 인터폴에 소재파악 수사를 의뢰해둔 상태""라며 ""만약 김 전 회장이 국내에 들어오려한다면 변호인을통해 사전 조율을 했을텐데 그런 움직임이 전혀 없었다""고 말했다. 앞서 프랑스 일간 리베라시옹은 로르 회장의 말을 인용, 로르 회장이 한국에서사업을 위해 김 전 회장을 고문역으로 고용했으며 로르 회장은 2003년 이래 김 전회장을 최소 세 번 만났는데 회동 장소 중 한 곳이 서울이었다고 전했다. 1999년 10월"
c1_81298-1,탐사 로버 오퍼튜니티는 어디서 탐사중이야?,화성,doc_0005,3,0.815923,doc_0054,doc_0054_chunk_000,X,"노벨 생리의학상 수상자의 산실로 꼽히는 세계생화학분자생물학회’(IUBMB)와 ‘암대사 심포지움’(CMS)이 오늘 6월 서울에서 개최된다. 한국생화학분자생물학회(KSBMB)는 ‘2018 IUBMB 서울대회’를 6월7일 코엑스에서, ㈜하임바이오(대표 김홍렬)가 후원하는 암대사심포지움을 6월8일 연세대 에비슨의생명연구원에서 잇따라 개최한다고 27일 발표했다. 이 대회는 세계 분자생물학 올림픽으로 불린다. 미국의 유명 암 전문병원인 메모리얼 슬로언 케터링 암센터(Memorial Sloan Kettering Cancer Center)의 대표이사인 크레이그 톰슨(Craig Thompson) 교수, 펜실베니아대학(Univ. Pennsylvania) 암센터 원장인 치 당(Chi Dang) 교수 등 전세계 유명 생화학자들과 의료분야 종사자 3000여 명이 대거 참가해서다. KSBMB는 2012년 스페인 세빌리아에서 열린 제22차 IUBMB 총회 때 경쟁국 체코를 접전끝에 누르고 서울시로 2018 총회를 서울로 유치하는데 성공했다. IUBMB는 1955년 창립된 이래 75개국의 생화학자와 분자생물학자들이 일원으로 활약하고 있으며, 많은 과학자들이 본 학회에서 기조강연 후 노벨상을 수상할 정도로 세계적인 권위를 지니고 있다. 이기수 의학전문기자 kslee@kmib.co.kr"
c1_81299-1,오퍼튜니티가 화성 표면에서 발견한건 뭐야?,운석으로 보이는 특이한 암석,doc_0005,1,0.912347,doc_0005,doc_0005_chunk_000,O,"◈ NASA의 화성 탐사 로버인 오퍼튜니티(Opportunity)가 화성 표면에서 운석으로 보이는 특이한 암석을 발견했다. 탐사 로버는 약 2주 전, 지난 2004년 1월에 화성으로 하강할 때 사용된 열 차폐 방패(heat shield)에 접근하면서 이 암석을 처음 발견했다. 약 감자 하나만한 크기의 이 암석은 표면이 울퉁불퉁한 홈이 파여 있기 때문에 지상 관제소 사람들의 관심을 받았다. 오퍼튜니티의 적외선 분광계인 Mini-TES의 분석에 따르면, 이 암석에서는 화성 암석에서 나오는 전형적인 열 적외선이 나오지 않았기 때문에, 과학자들은 이것이 금속 성분이 많이 포함된 운석인 것으로 생각하고 있다. 오퍼튜니티호는 주말 동안 이 암석 근처에 머물면서 이것이 운석인지를 확실하게 알아낼 것이다."
c1_81299-1,오퍼튜니티가 화성 표면에서 발견한건 뭐야?,운석으로 보이는 특이한 암석,doc_0005,2,0.821607,doc_0200,doc_0200_chunk_000,X,"◈ 과거 지구가 우주의 먼지 구름을 통과하면서 급속히 냉각됐을지도 모른다는 새로운 이론이 나왔다. 이에 따르면, 먼지 구름에 의해 지구 전체가 완전하게 얼음으로 뒤덮였다는 것이다. 미국과 러시아 과학자들은 성간 먼지가 지구 대기에 축적되어 지구를 냉각시켰으며, 이로 인해 지구 전체가 눈에 덮였을 것이라고 주장하고 있다. University of Colorado의 Alexander Pavlov와 그의 동료들은 이러한 우주 먼지에 의한 기후 냉각이 반드시 일어난다고 주장했다. 지난 20억 년 동안 태양계가 적어도 두 번 이상 “눈 덮인 지구(Snowball Earth)”를 만들만큼의 우주 먼지를 지나갔으며, 6억 년에서 7억 5천만년 사이에 이러한 냉각이 일어났다는 것이다. 우리 은하에는 수많은 분자 상태의 구름이 있으며 이들이 뭉쳐서 먼지 입자로 변한다. 태양계는 은하 속을 움직이면서 1억 년에서 10억 년에 한번 꼴로 우주 먼지 구름을 지나간다. 먼지 입자는 태양 빛을 우주로 반사시키면서 지구에서 나오는 열을 우주로 통과시킨다. 결국 먼지 입자는 지구온난화를 일으키는 온실가스와 정확히 반대의 역할을 하는 것이다. 출처 : KISTI의 과학향기"
c1_81299-1,오퍼튜니티가 화성 표면에서 발견한건 뭐야?,운석으로 보이는 특이한 암석,doc_0005,3,0.81211,doc_0111,doc_0111_chunk_000,X,"""미리 정해놓은 명령을 수행해 댓글 추천을 자동으로 하는 매크로 프로그램, 이 &매크로&를 드루킹 김 모 씨 등이 언제 무슨 돈으로 입수했는지가 주요 수사대상으로 떠오르고 있습니다. 보도에 이승재 기자입니다. [리포트] 지난 1월 일명 &드루킹&, 김 모 씨 등이 댓글 공감수를 조작하던 당시로 보이는 화면입니다. 10초 만에 공감수가 1800에서 2000대로 급증합니다. 경찰 조사 결과, 드루킹 김 씨가 매크로를 입수한 시기는 1월 15일입니다. 범행 이틀 전입니다. 앞서 드루킹은 지난해 7월에도 매크로를 이용해 팟캐스트 방송 순위를 끌어올리려 했다는 의혹도 제기됐습니다. [팟캐스트 업체 관계자 : 이상 트래픽이나 다운로드 그런 걸 감지하고 있거든요. 그분이 (매크로) 프로그램을 돌렸다는 것도 지금 추정만 하고 있는거 거든요...] 취재진은 김 씨가 사용한 매크로가 어느 정도의 성능일지 IT전문가 8명에게 질의했습니다. 네이버 같은 대형 포털의 보안망을 뚫으려면 최소한 중급 이상의 기능일 거라는 게 일치된 분석이었습니다. [최윤성/고려대학교 소프트웨어보안 국제공동연구센터 실장 : 네이버에서 어뷰징이라고 하는데 반복적으로 클릭 수나 조회수를 올리는 걸 방어하는 그런 방어 체계가 있잖습니까. 그것을 우회하기 위한 인증을 우회할 수 있는 그런 추가적인 기능들이 매크로에는 사용이 됐다고 보입니다.] 이런 수준의 매크로를 구하려면 최소 수천만"
c1_81300-1,탐사 로버는 어떻게 화성 표면에서 암석을 처음 발견했어?,화성으로 하강할 때 사용된 열 차폐 방패(heat shield)에 접근하면서,doc_0005,1,0.893149,doc_0005,doc_0005_chunk_000,O,"◈ NASA의 화성 탐사 로버인 오퍼튜니티(Opportunity)가 화성 표면에서 운석으로 보이는 특이한 암석을 발견했다. 탐사 로버는 약 2주 전, 지난 2004년 1월에 화성으로 하강할 때 사용된 열 차폐 방패(heat shield)에 접근하면서 이 암석을 처음 발견했다. 약 감자 하나만한 크기의 이 암석은 표면이 울퉁불퉁한 홈이 파여 있기 때문에 지상 관제소 사람들의 관심을 받았다. 오퍼튜니티의 적외선 분광계인 Mini-TES의 분석에 따르면, 이 암석에서는 화성 암석에서 나오는 전형적인 열 적외선이 나오지 않았기 때문에, 과학자들은 이것이 금속 성분이 많이 포함된 운석인 것으로 생각하고 있다. 오퍼튜니티호는 주말 동안 이 암석 근처에 머물면서 이것이 운석인지를 확실하게 알아낼 것이다."
c1_81300-1,탐사 로버는 어떻게 화성 표면에서 암석을 처음 발견했어?,화성으로 하강할 때 사용된 열 차폐 방패(heat shield)에 접근하면서,doc_0005,2,0.811403,doc_0088,doc_0088_chunk_000,X,"10주년 전면 개정증보판이다. 내용은 대폭 수정했고 사진도 저자가 직접 촬영한 자료로 대체했다. 584쪽에 이르는 만만찮은 분량이지만 내용은 딱딱하지 않다. 저자는 서울신학대 유재덕(기독교교육과) 교수로 2000년 기독교 역사를 쉽게 풀어냈다. 기존 교회사가들이 시대순으로 역사를 정리했다면 유 교수는 일반 세계사와 기독교 역사, 과거와 현재를 넘나들며 기술했다. 역사 속 사건의 배경과 문화에 대해서도 지나치지 않고 세밀히 다루고 있는 것이 특징이다. 유 교수는 17일 국민일보와의 전화통화에서 “역사서 집필에 당시 배경지식과 문화를 담은 것은 오늘의 기독교 역사를 만든 계기를 확인하기 위해서였다”며 “AD 64년 로마의 네로 황제 때 발생한 화재 사건이나 아우구스티누스의 모친 모니카가 아들을 계속 따라다닌 사연 등이 여기에 해당한다”고 말했다. 실제로 유 교수는 로마의 대화재를 조사하기 위해 현장을 답사했다. 그는 “로마는 지금도 여름에 바람이 많이 부는 곳”이라며 “당시 화재는 7월에 발생했는데 강한 바람을 타고 확산돼 일주일간 계속됐다”고 설명했다. 화재는 민심을 험악하게 만들었고 네로 황제는 화마의 원인을 소수 그리스도인에게 돌렸다. 초기 기독교 박해는 이렇게 시작돼 그리스도인은 전 세계로 흩어진다. 이밖에도 마르틴 루터가 부인 카타리나 폰 보라를 너무나 사랑해 신약성경 갈라디아서에 비유했던 이야기, ‘신학대전’을 썼던 토마스 아"
c1_81300-1,탐사 로버는 어떻게 화성 표면에서 암석을 처음 발견했어?,화성으로 하강할 때 사용된 열 차폐 방패(heat shield)에 접근하면서,doc_0005,3,0.801344,doc_0054,doc_0054_chunk_000,X,"노벨 생리의학상 수상자의 산실로 꼽히는 세계생화학분자생물학회’(IUBMB)와 ‘암대사 심포지움’(CMS)이 오늘 6월 서울에서 개최된다. 한국생화학분자생물학회(KSBMB)는 ‘2018 IUBMB 서울대회’를 6월7일 코엑스에서, ㈜하임바이오(대표 김홍렬)가 후원하는 암대사심포지움을 6월8일 연세대 에비슨의생명연구원에서 잇따라 개최한다고 27일 발표했다. 이 대회는 세계 분자생물학 올림픽으로 불린다. 미국의 유명 암 전문병원인 메모리얼 슬로언 케터링 암센터(Memorial Sloan Kettering Cancer Center)의 대표이사인 크레이그 톰슨(Craig Thompson) 교수, 펜실베니아대학(Univ. Pennsylvania) 암센터 원장인 치 당(Chi Dang) 교수 등 전세계 유명 생화학자들과 의료분야 종사자 3000여 명이 대거 참가해서다. KSBMB는 2012년 스페인 세빌리아에서 열린 제22차 IUBMB 총회 때 경쟁국 체코를 접전끝에 누르고 서울시로 2018 총회를 서울로 유치하는데 성공했다. IUBMB는 1955년 창립된 이래 75개국의 생화학자와 분자생물학자들이 일원으로 활약하고 있으며, 많은 과학자들이 본 학회에서 기조강연 후 노벨상을 수상할 정도로 세계적인 권위를 지니고 있다. 이기수 의학전문기자 kslee@kmib.co.kr"
c1_81301-1,과학자들이 오퍼튜니티가 발견한 암석이 금속 성분이 많이 포함된 운석인 것으로 생각하는 이유는?,"오퍼튜니티의 적외선 분광계인 Mini-TES의 분석에 따르면, 이 암석에서는 화성 암석에서 나오는 전형적인 열 적외선이 나오지 않았기 때문에",doc_0005,1,0.920681,doc_0005,doc_0005_chunk_000,O,"◈ NASA의 화성 탐사 로버인 오퍼튜니티(Opportunity)가 화성 표면에서 운석으로 보이는 특이한 암석을 발견했다. 탐사 로버는 약 2주 전, 지난 2004년 1월에 화성으로 하강할 때 사용된 열 차폐 방패(heat shield)에 접근하면서 이 암석을 처음 발견했다. 약 감자 하나만한 크기의 이 암석은 표면이 울퉁불퉁한 홈이 파여 있기 때문에 지상 관제소 사람들의 관심을 받았다. 오퍼튜니티의 적외선 분광계인 Mini-TES의 분석에 따르면, 이 암석에서는 화성 암석에서 나오는 전형적인 열 적외선이 나오지 않았기 때문에, 과학자들은 이것이 금속 성분이 많이 포함된 운석인 것으로 생각하고 있다. 오퍼튜니티호는 주말 동안 이 암석 근처에 머물면서 이것이 운석인지를 확실하게 알아낼 것이다."
c1_81301-1,과학자들이 오퍼튜니티가 발견한 암석이 금속 성분이 많이 포함된 운석인 것으로 생각하는 이유는?,"오퍼튜니티의 적외선 분광계인 Mini-TES의 분석에 따르면, 이 암석에서는 화성 암석에서 나오는 전형적인 열 적외선이 나오지 않았기 때문에",doc_0005,2,0.825329,doc_0007,doc_0007_chunk_000,X,"‘화 있을진저.’ 예수님께서 진노합니다. 단순한 화가 아니라 그 자리에서 돌이키라는 애틋한 호소입니다. 하나님의 분노에는 항상 사랑이 담겨 있습니다. 예수님께서 진노하는 대상은 소경된 인도자입니다(16절). 소경이란 눈먼 자가 아니라 영적 세계를 보지 못하는 자를 말합니다. 당시 대표적 영적 소경은 ‘사두개인’이었습니다. 사두개인은 유대 종교지도자였으나 부활을 믿지 않았습니다. 부활을 믿지 않는 이들은 모든 것을 세상의 기준으로 봅니다. 성전보다 성전의 금을 더 크게 보고(16절), 제단보다 제단 위 예물을 더 귀중하게 봅니다(18절). 성전 안에는 금이 많았습니다. 언약궤, 등대 등 성전의 여러 기구들은 모두 금으로 만들어졌습니다. 그러나 그 금이 거룩한 건 성전 안에 있기 때문입니다. 하지만 영적 소경은 성전 안의 금도 세상의 금과 같이 대했습니다. 제단 위의 예물도 그렇습니다. 제단 위에서 하나님께 드려질 때 소나 양은 거룩한 제물이 됩니다. 그러나 영적 소경은 제단보다 제물을 더 귀중하게 봤습니다. 왜냐하면 소나 양이 제단보다 더 재산 가치가 높았기 때문입니다. 금보다 성전이 더 크다는 것을 보지 못하고 예물보다 제단이 더 귀한 것을 못 보는 자들, 이들이 영적 소경입니다. 이런 사람들이 인도자가 돼 백성을 인도하는 것에 예수님께서는 진노했습니다. 오늘날 상황도 이와 같습니다. 영적 소경이 인도자가 돼 이끄는 성도는 성전이 아"
c1_81301-1,과학자들이 오퍼튜니티가 발견한 암석이 금속 성분이 많이 포함된 운석인 것으로 생각하는 이유는?,"오퍼튜니티의 적외선 분광계인 Mini-TES의 분석에 따르면, 이 암석에서는 화성 암석에서 나오는 전형적인 열 적외선이 나오지 않았기 때문에",doc_0005,3,0.821681,doc_0200,doc_0200_chunk_000,X,"◈ 과거 지구가 우주의 먼지 구름을 통과하면서 급속히 냉각됐을지도 모른다는 새로운 이론이 나왔다. 이에 따르면, 먼지 구름에 의해 지구 전체가 완전하게 얼음으로 뒤덮였다는 것이다. 미국과 러시아 과학자들은 성간 먼지가 지구 대기에 축적되어 지구를 냉각시켰으며, 이로 인해 지구 전체가 눈에 덮였을 것이라고 주장하고 있다. University of Colorado의 Alexander Pavlov와 그의 동료들은 이러한 우주 먼지에 의한 기후 냉각이 반드시 일어난다고 주장했다. 지난 20억 년 동안 태양계가 적어도 두 번 이상 “눈 덮인 지구(Snowball Earth)”를 만들만큼의 우주 먼지를 지나갔으며, 6억 년에서 7억 5천만년 사이에 이러한 냉각이 일어났다는 것이다. 우리 은하에는 수많은 분자 상태의 구름이 있으며 이들이 뭉쳐서 먼지 입자로 변한다. 태양계는 은하 속을 움직이면서 1억 년에서 10억 년에 한번 꼴로 우주 먼지 구름을 지나간다. 먼지 입자는 태양 빛을 우주로 반사시키면서 지구에서 나오는 열을 우주로 통과시킨다. 결국 먼지 입자는 지구온난화를 일으키는 온실가스와 정확히 반대의 역할을 하는 것이다. 출처 : KISTI의 과학향기"
c1_81302-1,오퍼튜니티호는 주말동안 무엇을 할거야?,이 암석 근처에 머물면서 이것이 운석인지를 확실하게 알아낼 것,doc_0005,1,0.834536,doc_0005,doc_0005_chunk_000,O,"◈ NASA의 화성 탐사 로버인 오퍼튜니티(Opportunity)가 화성 표면에서 운석으로 보이는 특이한 암석을 발견했다. 탐사 로버는 약 2주 전, 지난 2004년 1월에 화성으로 하강할 때 사용된 열 차폐 방패(heat shield)에 접근하면서 이 암석을 처음 발견했다. 약 감자 하나만한 크기의 이 암석은 표면이 울퉁불퉁한 홈이 파여 있기 때문에 지상 관제소 사람들의 관심을 받았다. 오퍼튜니티의 적외선 분광계인 Mini-TES의 분석에 따르면, 이 암석에서는 화성 암석에서 나오는 전형적인 열 적외선이 나오지 않았기 때문에, 과학자들은 이것이 금속 성분이 많이 포함된 운석인 것으로 생각하고 있다. 오퍼튜니티호는 주말 동안 이 암석 근처에 머물면서 이것이 운석인지를 확실하게 알아낼 것이다."
c1_81302-1,오퍼튜니티호는 주말동안 무엇을 할거야?,이 암석 근처에 머물면서 이것이 운석인지를 확실하게 알아낼 것,doc_0005,2,0.832008,doc_0024,doc_0024_chunk_000,X,"말도, 생각도, 행동도 하지 않아야 한다. 숨 쉬는 것 외에는 웬만하면 아무것도 하지 않아야 한다. 그래야 우승할 수 있다. 서울시는 이달 22일 오후 3시부터 6시까지 여의도한강공원 너른들판에서 ‘2018 한강 멍 때리기 대회’를 개최한다고 3일 밝혔다. 올해로 3회째인 대회는 ‘아무것도 하지 않는 것도 가치 있는 행위’라는 알리는 일종의 ‘단체 퍼포먼스’다. 할 게 넘쳐나고 급변하는 세상에서 살아가는 누군가에겐 휴식과 치료의 의미가 있다. 대회의 우승방법은 간단하다. 90분간 ‘멍 때리면’ 된다. 어떤 행동도 생각도 하지 않고 있으면 주최 측이 15분마다 참가자들의 심박 수를 측정해간다. 이를 그래프로 만드는데, 가장 안정적이거나 점진적으로 하향곡선을 나타내면 높은 점수를 받을 수 있다. 여기에 현장 시민 투표가 합산돼 1~3위를 선정한다. 선수는 대회 도중 말을 할 수 없다. 대신 빨간 카드(졸릴 때 마사지 서비스), 파랑 카드(목마를 때 물 서비스), 노랑 카드(더우면 부채질 서비스), 검정 카드(기타 불편사항) 등으로 의사를 전달하면 진행요원이 서비스를 제공한다. 또 멍 때리는 데 실패하면 경기장 밖으로 끌려나간다. 올해 대회에는 150명의 참가자를 선발한다. 이날 낮 12시부터 4일 자정까지 홈페이지(www.spaceoutcompetition.com)와 페이스북(www.facebook.com/INT.spaceout.comp"
c1_81302-1,오퍼튜니티호는 주말동안 무엇을 할거야?,이 암석 근처에 머물면서 이것이 운석인지를 확실하게 알아낼 것,doc_0005,3,0.827625,doc_0047,doc_0047_chunk_000,X,"전북 특성 살린 지역축제 한창 전북도 전역이 축제 열기에 휩싸였다. 28일 독립영화의 산실인 전주국제영화제가 화려한 막을 올린다. 올해 12회를 맞는 전주국제영화제는 5월 6일까지 9일간 열린다. 38개국에서 출품한 190편의 영화가 상영된다. 5월 5일부터는 전주한지문화축제가 전주시 풍남동 경기전 일대에서 열린다. 임실군에선 30일부터 '치즈자랑 의견이야기' 축제가 개최된다. 지난해까지 각각 진행했던 치즈축제와 오수의견제를 통합해 올해 처음 통합축제로 연다. 군산시에서는 5월 4일부터 8일까지 5월의 보리밭, 추억속으로 안내할 '제6회 군산꽁당보리 축제'를 개최해 농특산물 판매, 보리밭체험마당 등을 선보일 계획이다. 남원에선 5월 6일부터 10일까지 문화체육관광부 우수축제로 선정된 '제81회 춘향제'가 열린다. 정읍시에서는 5월 7일부터 8일까지 동학농민 혁명의 의의를 되새기는 '제44회 황토현 동학축제'를 통해 1박2일 황토현숙영캠프, 동학농민혁명군 진군행렬 등 다양한 볼거리와 즐길거리를 제공할 계획이다. 고창군 공음면에서는 지난 23일부터 '청보리 축제'가 한창이다. 올해 8회를 맞는 이 축제는 공음면 학원농장의 보리밭에서 5월 8일까지 열린다. 6월 10일부터는 고창 특산물인 복분자와 풍천장어, 수박과 옥수수를 소재로 한 '2011 고창 복분자 푸드페스티벌'을 개최해 축제의 계절에 전북도를 찾는 관광객에게 오랫동안 기억에 남을"
c1_81303-1,오퍼튜니티가 발견한 암석이 지상 관제소 사람들의 관심을 받은 이유는?,표면이 울퉁불퉁한 홈이 파여 있기 때문에,doc_0005,1,0.895714,doc_0005,doc_0005_chunk_000,O,"◈ NASA의 화성 탐사 로버인 오퍼튜니티(Opportunity)가 화성 표면에서 운석으로 보이는 특이한 암석을 발견했다. 탐사 로버는 약 2주 전, 지난 2004년 1월에 화성으로 하강할 때 사용된 열 차폐 방패(heat shield)에 접근하면서 이 암석을 처음 발견했다. 약 감자 하나만한 크기의 이 암석은 표면이 울퉁불퉁한 홈이 파여 있기 때문에 지상 관제소 사람들의 관심을 받았다. 오퍼튜니티의 적외선 분광계인 Mini-TES의 분석에 따르면, 이 암석에서는 화성 암석에서 나오는 전형적인 열 적외선이 나오지 않았기 때문에, 과학자들은 이것이 금속 성분이 많이 포함된 운석인 것으로 생각하고 있다. 오퍼튜니티호는 주말 동안 이 암석 근처에 머물면서 이것이 운석인지를 확실하게 알아낼 것이다."
c1_81303-1,오퍼튜니티가 발견한 암석이 지상 관제소 사람들의 관심을 받은 이유는?,표면이 울퉁불퉁한 홈이 파여 있기 때문에,doc_0005,2,0.813831,doc_0087,doc_0087_chunk_000,X,인터넷 1인 방송 BJ로 전향한 그룹 엠블랙 출신 지오가 허위 사실을 퍼트려 자신을 비방한 네티즌을 고소하겠다고 밝혔다. 지오는 28일 ‘악의적 의도로 허위 글과 자료를 유포한 네티즌에 대해 철저히 법적 대응을 하겠다’는 제목의 영상을 유튜브에 게시했다. 그는 “개인 방송을 시작하기 전 근거 있는 비판에 유연한 사람이 되자고 다짐했다”며 “그런데 정도라는 게 있다. 한 사람을 무너뜨리려고 악의적인 글을 올리는 사람은 법이 얼마나 무서운지 가르칠 필요가 있다”고 말했다. 최근 여러 온라인 커뮤니티에 지오를 비난하기 위한 글이 수차례 게시됐다. 지오는 내용 대부분이 사실과 다르다고 해명했다. 글을 쓴 네티즌은 지오가 과격한 발언과 행동으로 구설에 오른 한 BJ의 팬이며 ‘별풍선’을 강요하거나 팬이 찍어준 사진을 상업적 의도로 사용했다고 주장했다. 별풍선은 시청자가 선물하는 유료 아이템으로 BJ가 현금으로 바꿀 수 있다. 지오는 먼저 논란이 된 BJ를 흉내 냈다는 지적에 “그분을 따라 한 게 아니다. 팬이라고 한 적도 없다”면서 “비판을 하는 건 괜찮지만 없는 얘기를 만들어 사실인 것처럼 유포하는 건 죄”라고 강조했다. 또 별풍선을 강요했다는 주장에 “평소 방송을 도와주는 매니저와 장난으로 얘기한 것일 뿐 실제로 받지 않았다. 글에 적힌 ‘지난달에 1억을 벌었다’는 부분도 사실이 아니다”고 설명했다. 팬이 찍어준 사진을 광고에 사용한 것은
c1_81303-1,오퍼튜니티가 발견한 암석이 지상 관제소 사람들의 관심을 받은 이유는?,표면이 울퉁불퉁한 홈이 파여 있기 때문에,doc_0005,3,0.813604,doc_0096,doc_0096_chunk_000,X,"정부·민간, 수백억∼수천억 지원 자기부상열차·한국형 고속열차·치매 치료약물 등이, 정부와 민간이 수백억~수천억원을 지원하는 ‘국가 대형 연구개발 실용화사업’의 예비과제로 선정됐다. 정부는 27일 서울 소공동 롯데호텔에서 오명 과학기술 부총리 주재로 과학기술 관계부처 장관회의를 열어, 산업적 파급효과가 클 것으로 기대되지만 실용화는 늦어지는 연구 성과의 실용화를 집중 지원하기로 하고, 그 예비 검토 과제로 10개를 선정했다. 선정된 과제(괄호 안은 주관 부처와 정부·민간 투입 연구비)는 △자기부상열차(건설교통부, 4년 동안 4500억원) △한국형 고속열차(건교부, 3년 동안 800억원) △저공해 엘피지 버스(환경부, 4년 동안 200억원) △해수담수화용 원자로(과기부, 6년 동안 4388억원) △초고속 해상운송선(해양수산부, 5년 동안 1200억원) △복합 양전자 단층 촬영기(보건복지부, 5년 동안 1799억원) △소형 열병합발전용 가스터빈(산업자원부, 4년 동안 1500억원) △나노공정 반도체 제조장비(산자부, 5년 동안 600억원) △치매 치료약물(‘AAD-2004’·복지부, 3년동안 200억원) △소형항공기(산자부, 5년동안 560억원) 등이다. 황우석 서울대 교수의 ‘광우병 내성 복제소’ 등 9개는 ‘계속검토 과제’로 보류됐다. 정부는 대상 과제의 실용화 지원이 타당한지에 대한 추가 조사를 벌인 뒤, 그 결과를 4월 관계장관 회"
c1_52597-1,사회적 약자보호와 금융산업을 황폐화시키고 있는 관치금융 중단을 요구한다고 말한 사람은 누구인가요?,금융노조 김문호 위원장,doc_0006,1,0.865919,doc_0006,doc_0006_chunk_001,O,"이라는 지적에 대해 ""그동안 산별교섭 결렬과 중앙노동위원회의 조정결렬, 전체 조합원 쟁의행위 찬반투표 등 법이 정한 절차에 따라 이뤄졌다""고 설명했다. 금융노조 김문호 위원장은 ""마지막까지 대화와 협상을 통한 문제해결에 나설 것""이라며 ""사회적 약자보호와 금융산업을 황폐화시키고 있는 관치금융 중단을 요구한다""고 말했다. 금융노조가 이번에 실제 파업에 돌입하면 지난 2000년 7월 은행구조조정으로 벌인 총파업 이후 12만이다. 한편 금속노조는 13일 오후 현대·기아차, 한국GM 등 완성차 노조들이 13만명의 조합원 참여해 주야 4시간 총파업에 돌입했다고 밝혔다. 금속노조는 △심야노동 철폐, 노동시간 단축, 주간 연속 2교대제 도입 △원ㆍ하도급 불공정거래 근절 △비정규직 철폐 △근로시간 면제제도ㆍ복수노조제도와 관련한 노동조건 개선 등을 요구하고 있다."
c1_52597-1,사회적 약자보호와 금융산업을 황폐화시키고 있는 관치금융 중단을 요구한다고 말한 사람은 누구인가요?,금융노조 김문호 위원장,doc_0006,2,0.864396,doc_0011,doc_0011_chunk_001,X,"선진국들보다 크게 적은 것은 금융지주회사간 영역다툼이 심해 경쟁사 출신 금융인의 영입을 꺼릴 수밖에 없는 풍토 때문이란 게 금융권 관계자들의 설명이다. 이러다보니 공정성이나 객관성 논란에서 상대적으로 자유로운 교수 등 학계 인사들의 비중이 미국(5%)이나 캐나다(4%)에 비해 많아졌다는 것이다. 금융권 전문가들은 유독 우리나라에서 전직 관료출신들이 금융회사 사외이사직을 대거 차지하고 있는 현상을 '뿌리 깊은 관치금융의 결과'로 분석했다. 김상조 한성대 교수는 ""우리나라 관료들이 미국이나 영국 관료들보다 더 유능한 것도 아닌데, 금융회사에 관료출신 사외이사들이 이렇게 많아야 할 이유가 전혀 없다""면서 ""관치금융의 명백한 증거""라고 비판했다. 금융권의 한 고위 임원은 ""고객의 돈을 예치해 운용하는 금융산업의 속성상 규제가 불가피하지만, 선진국은 '규제와 자율'의 두 바퀴로 금융업이 돌아가는 반면, 우리나라는 '규제'와 '관치'가 뒤섞여 왜곡이 심하다""며 ""관치를 걷어내지 않으면 진정한 금융산업 발전은 요원할 것""이라고 지적했다."
c1_52597-1,사회적 약자보호와 금융산업을 황폐화시키고 있는 관치금융 중단을 요구한다고 말한 사람은 누구인가요?,금융노조 김문호 위원장,doc_0006,3,0.840679,doc_0006,doc_0006_chunk_000,X,"은행간 인수합병 반대와 장시간노동 해소를 요구중인 금융노조가 조합원 쟁의행위 찬반투표를 벌여 압도적 찬성률로 파업을 가결했다. 금융노조는 13일 기자회견을 열어 이처럼 밝히고, 요구안이 관철되지 않을 경우 오는 30일 총파업에 들어간다고 발표했다. 금융노조에 따르면 지난 11일 실시한 조합원 투표에서 조합원 87%가 투표에 참가해, 91%의 찬성률을 보였다. 전국 시중은행 등 35개 산하지부를 거느리고 있는 금융노조는 8월초 준법투쟁 등을 벌인 후 중순부터 다시 강경투쟁을 벌인다는 계획이다. 금융노조는 현재 △우리금융 민영화 등 인수합병 철회 △노동시간 단축 △고령직원 일자리 보장 △노사공동 사회공헌사업 기금 조성 △은행권 비정규직 제도 폐지 △임금 7%+α등을 요구하고 있다 . 금융노조가 이번에 파업을 가결한 것은 특히 장시간근로와 은행간 인수합병에 대한 반발 때문이다. 1997년 외환위기 이후 금융기관은 인수합병을 통해 덩치를 키워왔는데, 이 과정에서 경쟁이 격화되면서 정규직 대신 비정규직을 늘렸고 장시간 노동에 시달리고 있다는 게 노조의 인식이다. 특히 시중은행을 장악한 외국인 주주의 이익을 극대화하기 위한 상시적 구조조정이 이뤄져 노조의 요구를 관철하지 않고는 파업을 철회하기 어렵다는 입장이다. 금융노조는 이번 총파업을 두고 일부 불법파업이라는 지적에 대해 ""그동안 산별교섭 결렬과 중앙노동위원회의 조정결렬, 전체 조합원 쟁의행"
c1_52598-1,금융노조가 기자회견을 연 날짜는?,13일,doc_0006,1,0.87634,doc_0006,doc_0006_chunk_000,O,"은행간 인수합병 반대와 장시간노동 해소를 요구중인 금융노조가 조합원 쟁의행위 찬반투표를 벌여 압도적 찬성률로 파업을 가결했다. 금융노조는 13일 기자회견을 열어 이처럼 밝히고, 요구안이 관철되지 않을 경우 오는 30일 총파업에 들어간다고 발표했다. 금융노조에 따르면 지난 11일 실시한 조합원 투표에서 조합원 87%가 투표에 참가해, 91%의 찬성률을 보였다. 전국 시중은행 등 35개 산하지부를 거느리고 있는 금융노조는 8월초 준법투쟁 등을 벌인 후 중순부터 다시 강경투쟁을 벌인다는 계획이다. 금융노조는 현재 △우리금융 민영화 등 인수합병 철회 △노동시간 단축 △고령직원 일자리 보장 △노사공동 사회공헌사업 기금 조성 △은행권 비정규직 제도 폐지 △임금 7%+α등을 요구하고 있다 . 금융노조가 이번에 파업을 가결한 것은 특히 장시간근로와 은행간 인수합병에 대한 반발 때문이다. 1997년 외환위기 이후 금융기관은 인수합병을 통해 덩치를 키워왔는데, 이 과정에서 경쟁이 격화되면서 정규직 대신 비정규직을 늘렸고 장시간 노동에 시달리고 있다는 게 노조의 인식이다. 특히 시중은행을 장악한 외국인 주주의 이익을 극대화하기 위한 상시적 구조조정이 이뤄져 노조의 요구를 관철하지 않고는 파업을 철회하기 어렵다는 입장이다. 금융노조는 이번 총파업을 두고 일부 불법파업이라는 지적에 대해 ""그동안 산별교섭 결렬과 중앙노동위원회의 조정결렬, 전체 조합원 쟁의행"
c1_52598-1,금융노조가 기자회견을 연 날짜는?,13일,doc_0006,2,0.866337,doc_0006,doc_0006_chunk_001,O,"이라는 지적에 대해 ""그동안 산별교섭 결렬과 중앙노동위원회의 조정결렬, 전체 조합원 쟁의행위 찬반투표 등 법이 정한 절차에 따라 이뤄졌다""고 설명했다. 금융노조 김문호 위원장은 ""마지막까지 대화와 협상을 통한 문제해결에 나설 것""이라며 ""사회적 약자보호와 금융산업을 황폐화시키고 있는 관치금융 중단을 요구한다""고 말했다. 금융노조가 이번에 실제 파업에 돌입하면 지난 2000년 7월 은행구조조정으로 벌인 총파업 이후 12만이다. 한편 금속노조는 13일 오후 현대·기아차, 한국GM 등 완성차 노조들이 13만명의 조합원 참여해 주야 4시간 총파업에 돌입했다고 밝혔다. 금속노조는 △심야노동 철폐, 노동시간 단축, 주간 연속 2교대제 도입 △원ㆍ하도급 불공정거래 근절 △비정규직 철폐 △근로시간 면제제도ㆍ복수노조제도와 관련한 노동조건 개선 등을 요구하고 있다."
c1_52598-1,금융노조가 기자회견을 연 날짜는?,13일,doc_0006,3,0.820609,doc_0162,doc_0162_chunk_000,X,"""내년부터 정기 상여금과 복리후생비 일부를 최저임금에 포함하는 최저임금법 개정안이 어제 국회 본회의를 통과했습니다. 어제 오후 내내 반대 투쟁을 벌인 노동계가 강경 대응을 예고해 신설되는 경제사회노동위원회 등 8년 만에 복원된 노사정 대화에 차질이 예상됩니다. 이승철 기자가 보도합니다. [리포트] 곳곳에서 고성이 들리고, 몸싸움이 벌어집니다. 최저임금법 개정에 반대하는 민주노총 조합원들입니다. 같은 시각 국회에선 개정안 표결이 진행됐습니다. 찬성 160명, 반대 24명, 기권 14명으로 통과됐습니다. 이로써 내년부턴 매월 지급되는 상여금과 복리후생비 일부가 최저임금에 포함됩니다. 대기업과 중소기업 간의 입장이 약간 엇갈리긴 하지만, 경영계는 급격한 임금 인상 부담을 줄일 수 있게 됐다며 환영합니다. 반면, 노동계는 강경하게 반대합니다.[김명환/민주노총 위원장 : 소득주도 성장, 만원의 행복을 이루겠다던 저 최저임금 공약은 산입범위 확대로 주고 뺏는 배신으로 돌아왔고 만원은 절망이 됐습니다.][김주영/한국노총 위원장 : 저임금 노동자의 생활안정을 보장하고 있는 헌법 정신을 훼손하지 않았는지 법률 전문가의 자문을 얻어 위헌법률 심판제청을 추진할 것입니다.] 역시 국회를 통과한 노사정위를 대신할 경제사회노동위원회도 개점 휴업 상태에 빠지게 됐습니다. 민주노총은 이미 불참을 선언했고, 한국노총도 불참을 검토 중입니다. 8년 만에 복원된 노사"
c1_52599-1,금융노조는 이번 총파업을 두고 일부 불법파업이라는 지적에 대해 뭐라고 설명했나요?,"그동안 산별교섭 결렬과 중앙노동위원회의 조정결렬, 전체 조합원 쟁의행위 찬반투표 등 법이 정한 절차에 따라 이뤄졌다""고 설명",doc_0006,1,0.894035,doc_0006,doc_0006_chunk_000,X,"은행간 인수합병 반대와 장시간노동 해소를 요구중인 금융노조가 조합원 쟁의행위 찬반투표를 벌여 압도적 찬성률로 파업을 가결했다. 금융노조는 13일 기자회견을 열어 이처럼 밝히고, 요구안이 관철되지 않을 경우 오는 30일 총파업에 들어간다고 발표했다. 금융노조에 따르면 지난 11일 실시한 조합원 투표에서 조합원 87%가 투표에 참가해, 91%의 찬성률을 보였다. 전국 시중은행 등 35개 산하지부를 거느리고 있는 금융노조는 8월초 준법투쟁 등을 벌인 후 중순부터 다시 강경투쟁을 벌인다는 계획이다. 금융노조는 현재 △우리금융 민영화 등 인수합병 철회 △노동시간 단축 △고령직원 일자리 보장 △노사공동 사회공헌사업 기금 조성 △은행권 비정규직 제도 폐지 △임금 7%+α등을 요구하고 있다 . 금융노조가 이번에 파업을 가결한 것은 특히 장시간근로와 은행간 인수합병에 대한 반발 때문이다. 1997년 외환위기 이후 금융기관은 인수합병을 통해 덩치를 키워왔는데, 이 과정에서 경쟁이 격화되면서 정규직 대신 비정규직을 늘렸고 장시간 노동에 시달리고 있다는 게 노조의 인식이다. 특히 시중은행을 장악한 외국인 주주의 이익을 극대화하기 위한 상시적 구조조정이 이뤄져 노조의 요구를 관철하지 않고는 파업을 철회하기 어렵다는 입장이다. 금융노조는 이번 총파업을 두고 일부 불법파업이라는 지적에 대해 ""그동안 산별교섭 결렬과 중앙노동위원회의 조정결렬, 전체 조합원 쟁의행"
c1_52599-1,금융노조는 이번 총파업을 두고 일부 불법파업이라는 지적에 대해 뭐라고 설명했나요?,"그동안 산별교섭 결렬과 중앙노동위원회의 조정결렬, 전체 조합원 쟁의행위 찬반투표 등 법이 정한 절차에 따라 이뤄졌다""고 설명",doc_0006,2,0.877696,doc_0006,doc_0006_chunk_001,O,"이라는 지적에 대해 ""그동안 산별교섭 결렬과 중앙노동위원회의 조정결렬, 전체 조합원 쟁의행위 찬반투표 등 법이 정한 절차에 따라 이뤄졌다""고 설명했다. 금융노조 김문호 위원장은 ""마지막까지 대화와 협상을 통한 문제해결에 나설 것""이라며 ""사회적 약자보호와 금융산업을 황폐화시키고 있는 관치금융 중단을 요구한다""고 말했다. 금융노조가 이번에 실제 파업에 돌입하면 지난 2000년 7월 은행구조조정으로 벌인 총파업 이후 12만이다. 한편 금속노조는 13일 오후 현대·기아차, 한국GM 등 완성차 노조들이 13만명의 조합원 참여해 주야 4시간 총파업에 돌입했다고 밝혔다. 금속노조는 △심야노동 철폐, 노동시간 단축, 주간 연속 2교대제 도입 △원ㆍ하도급 불공정거래 근절 △비정규직 철폐 △근로시간 면제제도ㆍ복수노조제도와 관련한 노동조건 개선 등을 요구하고 있다."
c1_52599-1,금융노조는 이번 총파업을 두고 일부 불법파업이라는 지적에 대해 뭐라고 설명했나요?,"그동안 산별교섭 결렬과 중앙노동위원회의 조정결렬, 전체 조합원 쟁의행위 찬반투표 등 법이 정한 절차에 따라 이뤄졌다""고 설명",doc_0006,3,0.831804,doc_0162,doc_0162_chunk_000,X,"""내년부터 정기 상여금과 복리후생비 일부를 최저임금에 포함하는 최저임금법 개정안이 어제 국회 본회의를 통과했습니다. 어제 오후 내내 반대 투쟁을 벌인 노동계가 강경 대응을 예고해 신설되는 경제사회노동위원회 등 8년 만에 복원된 노사정 대화에 차질이 예상됩니다. 이승철 기자가 보도합니다. [리포트] 곳곳에서 고성이 들리고, 몸싸움이 벌어집니다. 최저임금법 개정에 반대하는 민주노총 조합원들입니다. 같은 시각 국회에선 개정안 표결이 진행됐습니다. 찬성 160명, 반대 24명, 기권 14명으로 통과됐습니다. 이로써 내년부턴 매월 지급되는 상여금과 복리후생비 일부가 최저임금에 포함됩니다. 대기업과 중소기업 간의 입장이 약간 엇갈리긴 하지만, 경영계는 급격한 임금 인상 부담을 줄일 수 있게 됐다며 환영합니다. 반면, 노동계는 강경하게 반대합니다.[김명환/민주노총 위원장 : 소득주도 성장, 만원의 행복을 이루겠다던 저 최저임금 공약은 산입범위 확대로 주고 뺏는 배신으로 돌아왔고 만원은 절망이 됐습니다.][김주영/한국노총 위원장 : 저임금 노동자의 생활안정을 보장하고 있는 헌법 정신을 훼손하지 않았는지 법률 전문가의 자문을 얻어 위헌법률 심판제청을 추진할 것입니다.] 역시 국회를 통과한 노사정위를 대신할 경제사회노동위원회도 개점 휴업 상태에 빠지게 됐습니다. 민주노총은 이미 불참을 선언했고, 한국노총도 불참을 검토 중입니다. 8년 만에 복원된 노사"
c1_149905-1,예수님께서 진노하는 대상은 누구인가?,소경된 인도자,doc_0007,1,0.855888,doc_0007,doc_0007_chunk_001,X,"했습니다. 오늘날 상황도 이와 같습니다. 영적 소경이 인도자가 돼 이끄는 성도는 성전이 아니라 금을 좇게 됩니다. 금전만능주의, 성공제일주의, 축복신앙, 번영신학 같은 거짓 가르침을 따르게 됩니다. 따라서 성도는 눈을 뜨고 영적 인도자가 소경인지 아닌지를 점검해야 합니다. 예수님의 진노는 교회 지도자뿐 아니라 성도 모두에게 주신 경고입니다(마 23:1). 그렇다면 성도들이 봐야 할 성전과 제단은 무엇을 의미할까요. 성전은 바로 예수 그리스도를 가리킵니다(히 9:11). 따라서 눈뜬 사람은 예수님을 통해 얻는 금보다 예수님을 바라봅니다. 예수 믿고 얼마나 부자 됐는지를 따지지 않고 예수님 자체를 바라봅니다. 또 성도에게 복을 주는 예수님께 감사하고 찬양합니다. 사도행전 3장의 베드로는 ‘눈뜬 인도자’의 대표적 사례입니다. 그는 앉은뱅이에게 ‘은과 금은 내게 없거니와 내게 있는 것으로 네게 주노니 곧 나사렛 예수 그리스도의 이름으로 걸으라’고 선포했습니다(행 3:6). 그러자 앉은뱅이는 일어나서 성전에 들어가 걸으며 하나님을 찬미합니다. 눈뜬 인도자는 성도를 눈뜨게 합니다. 앉은뱅이는 예수의 이름으로 얼마든지 성전에 들어가 하나님을 찬미할 수 있다는 것을 믿고 뛰어들어갑니다. 성전에 바칠 금은 없어도 예수의 이름이 있으면 지금 하나님을 만나 감사하고 찬양할 수 있습니다. 이것이 눈뜬 성도의 자세입니다. 여러분은 무엇으로 하나님 앞에 나아"
c1_149905-1,예수님께서 진노하는 대상은 누구인가?,소경된 인도자,doc_0007,2,0.854141,doc_0007,doc_0007_chunk_000,O,"‘화 있을진저.’ 예수님께서 진노합니다. 단순한 화가 아니라 그 자리에서 돌이키라는 애틋한 호소입니다. 하나님의 분노에는 항상 사랑이 담겨 있습니다. 예수님께서 진노하는 대상은 소경된 인도자입니다(16절). 소경이란 눈먼 자가 아니라 영적 세계를 보지 못하는 자를 말합니다. 당시 대표적 영적 소경은 ‘사두개인’이었습니다. 사두개인은 유대 종교지도자였으나 부활을 믿지 않았습니다. 부활을 믿지 않는 이들은 모든 것을 세상의 기준으로 봅니다. 성전보다 성전의 금을 더 크게 보고(16절), 제단보다 제단 위 예물을 더 귀중하게 봅니다(18절). 성전 안에는 금이 많았습니다. 언약궤, 등대 등 성전의 여러 기구들은 모두 금으로 만들어졌습니다. 그러나 그 금이 거룩한 건 성전 안에 있기 때문입니다. 하지만 영적 소경은 성전 안의 금도 세상의 금과 같이 대했습니다. 제단 위의 예물도 그렇습니다. 제단 위에서 하나님께 드려질 때 소나 양은 거룩한 제물이 됩니다. 그러나 영적 소경은 제단보다 제물을 더 귀중하게 봤습니다. 왜냐하면 소나 양이 제단보다 더 재산 가치가 높았기 때문입니다. 금보다 성전이 더 크다는 것을 보지 못하고 예물보다 제단이 더 귀한 것을 못 보는 자들, 이들이 영적 소경입니다. 이런 사람들이 인도자가 돼 백성을 인도하는 것에 예수님께서는 진노했습니다. 오늘날 상황도 이와 같습니다. 영적 소경이 인도자가 돼 이끄는 성도는 성전이 아"
c1_149905-1,예수님께서 진노하는 대상은 누구인가?,소경된 인도자,doc_0007,3,0.827611,doc_0007,doc_0007_chunk_002,X,"찬양할 수 있습니다. 이것이 눈뜬 성도의 자세입니다. 여러분은 무엇으로 하나님 앞에 나아가 예배하십니까. 금입니까, 하나님께서 주신 예수 그리스도의 이름입니까. 우리는 하나님께 최고의 예물을 드리려 하지만 현실은 녹록지 않습니다. 성공보다 실패가 많고 기쁨보다 고통이 많습니다. 그러다 보니 하나님께 드릴 예물이 없다고 생각합니다. 그러나 어떤 예물이든 제단인 예수님의 십자가 위에 드릴 때, 하나님께서는 실패나 고통마저도 귀한 예물로 받아 주십니다. 또한 영적 인도자는 눈을 떠야 합니다. 그래야 성도를 눈뜨게 합니다. 눈뜬 성도는 하나님께 예물을 드릴 수 있는 자리가 예수님의 십자가임을 압니다. 하나님은 예수님의 십자가에 놓인 성도 여러분의 모든 것을 아름다운 예물로 받을 것입니다. 금보다 성전을, 예물보다 제단을 바라보는 눈뜬 성도가 되기를 바랍니다. 강승구 창원 남산교회 목사"
c1_149906-1,소경이란 무엇을 의미하는가?,눈먼 자가 아니라 영적 세계를 보지 못하는 자를 말합니다.,doc_0007,1,0.828836,doc_0007,doc_0007_chunk_000,O,"‘화 있을진저.’ 예수님께서 진노합니다. 단순한 화가 아니라 그 자리에서 돌이키라는 애틋한 호소입니다. 하나님의 분노에는 항상 사랑이 담겨 있습니다. 예수님께서 진노하는 대상은 소경된 인도자입니다(16절). 소경이란 눈먼 자가 아니라 영적 세계를 보지 못하는 자를 말합니다. 당시 대표적 영적 소경은 ‘사두개인’이었습니다. 사두개인은 유대 종교지도자였으나 부활을 믿지 않았습니다. 부활을 믿지 않는 이들은 모든 것을 세상의 기준으로 봅니다. 성전보다 성전의 금을 더 크게 보고(16절), 제단보다 제단 위 예물을 더 귀중하게 봅니다(18절). 성전 안에는 금이 많았습니다. 언약궤, 등대 등 성전의 여러 기구들은 모두 금으로 만들어졌습니다. 그러나 그 금이 거룩한 건 성전 안에 있기 때문입니다. 하지만 영적 소경은 성전 안의 금도 세상의 금과 같이 대했습니다. 제단 위의 예물도 그렇습니다. 제단 위에서 하나님께 드려질 때 소나 양은 거룩한 제물이 됩니다. 그러나 영적 소경은 제단보다 제물을 더 귀중하게 봤습니다. 왜냐하면 소나 양이 제단보다 더 재산 가치가 높았기 때문입니다. 금보다 성전이 더 크다는 것을 보지 못하고 예물보다 제단이 더 귀한 것을 못 보는 자들, 이들이 영적 소경입니다. 이런 사람들이 인도자가 돼 백성을 인도하는 것에 예수님께서는 진노했습니다. 오늘날 상황도 이와 같습니다. 영적 소경이 인도자가 돼 이끄는 성도는 성전이 아"
c1_149906-1,소경이란 무엇을 의미하는가?,눈먼 자가 아니라 영적 세계를 보지 못하는 자를 말합니다.,doc_0007,2,0.805756,doc_0102,doc_0102_chunk_001,X,"소치라 여겼다""며 ""목민관이 지녀야 할 최소한의 애민정신""이라고 '천재' 를 이유로 절반의 책임을 회피한 오 시장을 꼬집었다."
c1_149906-1,소경이란 무엇을 의미하는가?,눈먼 자가 아니라 영적 세계를 보지 못하는 자를 말합니다.,doc_0007,3,0.804213,doc_0007,doc_0007_chunk_001,X,"했습니다. 오늘날 상황도 이와 같습니다. 영적 소경이 인도자가 돼 이끄는 성도는 성전이 아니라 금을 좇게 됩니다. 금전만능주의, 성공제일주의, 축복신앙, 번영신학 같은 거짓 가르침을 따르게 됩니다. 따라서 성도는 눈을 뜨고 영적 인도자가 소경인지 아닌지를 점검해야 합니다. 예수님의 진노는 교회 지도자뿐 아니라 성도 모두에게 주신 경고입니다(마 23:1). 그렇다면 성도들이 봐야 할 성전과 제단은 무엇을 의미할까요. 성전은 바로 예수 그리스도를 가리킵니다(히 9:11). 따라서 눈뜬 사람은 예수님을 통해 얻는 금보다 예수님을 바라봅니다. 예수 믿고 얼마나 부자 됐는지를 따지지 않고 예수님 자체를 바라봅니다. 또 성도에게 복을 주는 예수님께 감사하고 찬양합니다. 사도행전 3장의 베드로는 ‘눈뜬 인도자’의 대표적 사례입니다. 그는 앉은뱅이에게 ‘은과 금은 내게 없거니와 내게 있는 것으로 네게 주노니 곧 나사렛 예수 그리스도의 이름으로 걸으라’고 선포했습니다(행 3:6). 그러자 앉은뱅이는 일어나서 성전에 들어가 걸으며 하나님을 찬미합니다. 눈뜬 인도자는 성도를 눈뜨게 합니다. 앉은뱅이는 예수의 이름으로 얼마든지 성전에 들어가 하나님을 찬미할 수 있다는 것을 믿고 뛰어들어갑니다. 성전에 바칠 금은 없어도 예수의 이름이 있으면 지금 하나님을 만나 감사하고 찬양할 수 있습니다. 이것이 눈뜬 성도의 자세입니다. 여러분은 무엇으로 하나님 앞에 나아"
