document_id,title,retrieval_text_char_count,chunk_count,sections,max_body_char_count,max_text_char_count,blank_sections
ontong_youth_20250430005400210741,청년근로자 복리후생 지원,1111,7,application|eligibility|notes|overview|required_documents|screening|support_content,528,695,
ontong_youth_20260513005400213204,부산 청년 일하는 기쁨카드 지원,692,7,application|eligibility|notes|overview|required_documents|screening|support_content,483,671,
ontong_youth_20250227005400210567,초등학부모 10시출근제 도입 중소사업장 장려금 지원사업,773,6,application|eligibility|notes|overview|required_documents|support_content,375,577,screening
ontong_youth_20250903005400111594,청년근로자 사랑채움사업,1134,6,application|eligibility|notes|overview|required_documents|support_content,720,892,screening
ontong_youth_20251127005400211943,진주시 중소기업 취업청년 복지지원금 지원사업,1244,7,application|eligibility|notes|overview|required_documents|support_content,799,988,screening
ontong_youth_20250321005400210648,우수 인재 유치 및 우수경력자 인건비 지원,1230,7,application|eligibility|notes|overview|required_documents|screening|support_content,715,910,
ontong_youth_20250211005400210415,2025년 강원혁신도시 소외상권 활성화 지원(임차료 등) 사업,586,7,application|eligibility|notes|overview|required_documents|screening|support_content,360,577,
ontong_youth_20250331005400210675,청년창업 특례보증,1047,7,application|eligibility|notes|overview|required_documents|screening|support_content,355,535,
ontong_youth_20250710005400211180,글로벌 이노베이터 페스타 사업 지원,1212,10,application|eligibility|notes|overview|required_documents|screening|support_content,800,970,
ontong_youth_20250719005400211467,청년농업인 창업 인큐베이팅 지원사업,1650,8,application|eligibility|notes|overview|required_documents|screening|support_content,791,967,
ontong_youth_20250724005400111489,청년농업인 영농정착지원사업,1003,7,application|eligibility|notes|overview|required_documents|screening|support_content,529,707,
ontong_youth_20250814005400211517,(원주시) 청년 창업아카데미,1151,7,application|eligibility|notes|overview|required_documents|screening|support_content,442,608,
ontong_youth_20250822005400211521,신월지역 청년점포 및 청년기업 육성사업 참여자 추가모집 공고,645,9,application|eligibility|notes|overview|required_documents|support_content,800,983,screening
ontong_youth_20250903005400211596,우수 청년기업 지원,1803,8,application|eligibility|notes|overview|required_documents|screening|support_content,778,938,
ontong_youth_20250909005400211682,청년농업인(후계농) 영농정착 지원,1041,7,application|eligibility|notes|overview|required_documents|screening|support_content,420,590,
ontong_youth_20250909005400211683,청년농업인 종합지원(행정도우미 등),1098,7,application|eligibility|notes|overview|required_documents|screening|support_content,424,594,
ontong_youth_20251121005400211924,"양산시 소상공인 육성자금(일반자금, 청년창업 특별자금) 지원",577,7,application|eligibility|notes|overview|required_documents|screening|support_content,254,457,
ontong_youth_20260313005400212118,「2026 경북 청년CEO JUMP-UP 지원」참여기업 모집 공고,1314,7,application|eligibility|notes|overview|required_documents|screening|support_content,472,669,
ontong_youth_20260313005400212130,「2026 경북 청년CEO 심화육성 지원」 참여기업 모집 공고,1510,7,application|eligibility|notes|overview|required_documents|screening|support_content,569,764,
ontong_youth_20260325005400212265,2026년도 경북청년예비창업가 육성사업,1069,7,application|eligibility|notes|overview|required_documents|screening|support_content,357,554,
ontong_youth_20260407005400212564,2026년 G-유니콘 육성프로그램 참여기업 모집,1445,6,application|eligibility|notes|overview|required_documents|support_content,543,718,screening
ontong_youth_20260407005400212567,2026년 MICE 광주 관광기업 성장단계별 맞춤지원 프로그램 참여사 모집,920,6,application|eligibility|notes|overview|required_documents|support_content,557,753,screening
ontong_youth_20260410005400212665,2026년 기술기반 예비창업가 사업화자금지원 모집,985,6,application|eligibility|notes|overview|required_documents|support_content,358,544,screening
ontong_youth_20260413005400212689,2026 시제품 제작 프로그램(예비창업자 지원 과정) 모집,583,6,application|eligibility|notes|overview|required_documents|support_content,319,506,screening
ontong_youth_20260414005400212743,여수시 청년 소상공인 맞춤형 방문 컨설팅 지원사업,974,7,application|eligibility|notes|overview|required_documents|screening|support_content,297,495,
ontong_youth_20260427005400212880,2026년 시제품 제작 프로그램(양산 연계 지원 과정),754,6,application|eligibility|notes|overview|required_documents|support_content,322,511,screening
ontong_youth_20260427005400212882,로컬 스타트업 히어로즈(Heroes) 지원사업 초기창업기업 모집,1164,7,application|eligibility|notes|overview|required_documents|screening|support_content,523,707,
ontong_youth_20260429005400212914,제12회 광주광역시 공공데이터‧AI 활용 창업경진대회 참가자 모집,1232,7,application|eligibility|notes|overview|required_documents|screening|support_content,458,653,
ontong_youth_20260708005400213251,「공공임대주택 청년창업공간」입주기업 모집,986,6,application|eligibility|notes|overview|required_documents|support_content,448,619,screening
ontong_youth_20260709005400213253,『광주청년창업지원센터』입주스타트업(20기) 모집,920,6,application|eligibility|notes|overview|required_documents|support_content,469,650,screening
ontong_youth_20260722005400213276,「공공임대주택 청년창업공간」입주기업 모집,1001,6,application|eligibility|notes|overview|required_documents|support_content,478,649,screening
ontong_youth_20260810005400113328,산림산업 창업지원_청년 산림창업가 시너지캠프,1219,10,application|eligibility|notes|overview|required_documents|screening|support_content,800,983,
ontong_youth_20260812005400213330,「2026년 청년 창업 성장 육성 프로젝트 지원사업」 청년창업자 모집 공고,2029,7,application|eligibility|notes|overview|required_documents|screening|support_content,791,981,
ontong_youth_20260818005400213337,2027년 청년농업인 창업 스케일업(성장) 지원사업,765,6,application|eligibility|notes|overview|required_documents|support_content,320,503,screening
ontong_youth_20250102005400210027,청년농업인 영농정착지원,699,7,application|eligibility|notes|overview|required_documents|screening|support_content,327,493,
ontong_youth_20250107005400210058,지역상생 청년일자리 창출 사업,719,7,application|eligibility|notes|overview|required_documents|screening|support_content,338,528,
ontong_youth_20250331005400110677,산림산업 창업지원_청년 산림창업 마중물 지원,1570,10,application|eligibility|notes|overview|required_documents|screening|support_content,800,973,
ontong_youth_20250401005400210679,청년 융합기술 창업지원,686,7,application|eligibility|notes|overview|required_documents|screening|support_content,504,665,
ontong_youth_20250620005400111082,이공계 대학원생 청년창업 탐색지원,770,9,application|eligibility|notes|overview|required_documents|support_content,800,975,screening
ontong_youth_20250729005400211499,청년 창업점포(청년식당) 신규 입점 청년 모집,1141,7,application|eligibility|notes|overview|required_documents|screening|support_content,568,743,
ontong_youth_20250917005400211702,청년친화도시 부산진구 트라이얼스토어 운영 기업 모집,1379,10,application|eligibility|notes|overview|required_documents|screening|support_content,800,984,
ontong_youth_20251023005400211803,우리지역 스타기업 만들기 사업,1054,7,application|eligibility|notes|overview|required_documents|screening|support_content,424,603,
ontong_youth_20260619005400213242,2026년 경북 청년창업 지역정착 지원사업 신규참여자 2차 추가모집 공고,467,10,application|eligibility|notes|overview|required_documents|screening|support_content,800,1017,
ontong_youth_20250119005400210332,청년농업인 스타트업(초기창업) 지원사업,613,7,application|eligibility|notes|overview|required_documents|screening|support_content,402,579,
ontong_youth_20250119005400210333,청년농업인 창업 스케일업(성장) 지원사업,638,7,application|eligibility|notes|overview|required_documents|screening|support_content,353,531,
ontong_youth_20250527005400210879,청년 소상공인 골목경제 활성화 지원사업,954,7,application|eligibility|notes|overview|required_documents|screening|support_content,427,600,
ontong_youth_20250724005400211490,청년농업인 맞춤 지원,661,6,application|eligibility|overview|required_documents|screening|support_content,318,481,notes
ontong_youth_20250901005400211541,2025년도 경북청년예비창업가 육성사업,930,6,application|eligibility|overview|required_documents|screening|support_content,365,553,notes
ontong_youth_20250107005400110063,2025년 국가유산 산업 인턴 지원 사업,1546,10,application|eligibility|notes|overview|required_documents|screening|support_content,800,981,
ontong_youth_20250109005400210114,청년 자격시험 응시료 지원,1149,6,application|eligibility|notes|overview|required_documents|support_content,319,495,screening
ontong_youth_20250114005400210229,스마트 모빌리티 창업캠프사업,596,10,application|eligibility|notes|overview|required_documents|screening|support_content,800,970,
ontong_youth_20250220005400210475,대구광역시 청년 국가기술자격시험 응시료 지원,1492,7,application|eligibility|notes|overview|required_documents|screening|support_content,641,825,
ontong_youth_20250227005400210568,마을청년활동가 운영,1339,7,application|eligibility|notes|overview|required_documents|screening|support_content,508,697,
ontong_youth_20250307005400210600,부천 청년 사진 Dream(드림),1190,6,application|eligibility|notes|overview|required_documents|support_content,417,585,screening
ontong_youth_20250314005400210611,2025 상반기 김해시 청년 자격증 응시료 지원사업(G-PASS CARD),2106,8,application|eligibility|notes|overview|required_documents|screening|support_content,760,951,
ontong_youth_20250321005400110645,해양경찰청 청년인턴 채용,1096,10,application|eligibility|notes|overview|required_documents|screening|support_content,800,964,
ontong_youth_20250411005400210702,(2차)2025 광주 청년구직활동수당 지원사업,2308,9,application|eligibility|notes|overview|required_documents|screening|support_content,792,985,
ontong_youth_20250416005400210710,2025년 달서청년 자격증 응시료 지원사업,1550,7,application|eligibility|notes|overview|required_documents|screening|support_content,422,605,
ontong_youth_20250509005400210801,청년 자격증 응시료 지원사업,1252,7,application|eligibility|notes|overview|required_documents|screening|support_content,458,631,
ontong_youth_20250509005400210803,공공기관 맞춤형 취업지원사업,636,7,application|eligibility|notes|overview|required_documents|screening|support_content,310,478,
ontong_youth_20250518005400110849,맞춤형화장품조제관리사 자격 역량강화,655,10,application|eligibility|notes|overview|required_documents|screening|support_content,800,973,
ontong_youth_20250529005400110881,산림산업 창업지원_청년 산림인 성장지원,808,10,application|eligibility|notes|overview|required_documents|screening|support_content,800,972,
ontong_youth_20250612005400110914,고교 취업연계 장려금,1083,10,application|eligibility|notes|overview|required_documents|screening|support_content,800,962,
ontong_youth_20250618005400211047,강원형 미래인력양성,804,7,application|eligibility|notes|overview|required_documents|screening|support_content,572,737,
ontong_youth_20250717005400211369,찾아가는 청년교육 프로그램 운영,1219,7,application|eligibility|notes|overview|required_documents|screening|support_content,537,701,
ontong_youth_20250901005400211548,2025년 지역인재채용 인센티브 지원사,945,7,application|eligibility|notes|overview|required_documents|screening|support_content,387,571,
ontong_youth_20250901005400211553,꿈이음 청춘카페 지원사업,798,7,application|eligibility|notes|overview|required_documents|screening|support_content,368,544,
ontong_youth_20250908005400211661,지역공동체일자리사업,855,7,application|eligibility|notes|overview|required_documents|screening|support_content,339,505,
ontong_youth_20250909005400211679,공학교육혁신센터 지원,785,10,application|eligibility|notes|overview|required_documents|screening|support_content,800,971,
ontong_youth_20250909005400211680,지역혁신중심 대학지원체계(RISE),817,7,application|eligibility|notes|overview|required_documents|screening|support_content,253,432,
ontong_youth_20250909005400211684,구미 취업준비프리패스(취준PASS),2340,8,application|eligibility|notes|overview|required_documents|screening|support_content,800,990,
ontong_youth_20250924005400211793,거제시 청년 스펙-UP 지원사업(자격증 응시료 지원),1067,7,application|eligibility|notes|overview|required_documents|screening|support_content,261,447,
ontong_youth_20251117005400211904,양산시 청년 자격증 응시료 지원,1440,7,application|eligibility|notes|overview|required_documents|screening|support_content,613,795,
ontong_youth_20251120005400211907,사회적경제기업 혁신일자리지원 사업,985,7,application|eligibility|notes|overview|required_documents|screening|support_content,488,664,
ontong_youth_20251127005400211942,진주시 대학생 행정인턴사업,1597,7,application|eligibility|notes|overview|required_documents|screening|support_content,714,900,
ontong_youth_20251222005400212040,충청북도 현장형 청년인턴,2295,8,application|eligibility|notes|overview|required_documents|screening|support_content,797,963,
ontong_youth_20260107005400212077,청년 행정체험연수 운영,1072,7,application|eligibility|notes|overview|required_documents|screening|support_content,400,581,
ontong_youth_20260311005400112111,고교 취업연계 장려금 지원,1247,10,application|eligibility|notes|overview|required_documents|screening|support_content,800,970,
ontong_youth_20260316005400112168,2026년 국가유산 산업 인턴십 지원 사업,1873,10,application|eligibility|notes|overview|required_documents|screening|support_content,800,974,
ontong_youth_20260317005400112169,2026년 매장유산 미정리유물 보존 및 활용사업,1395,10,application|eligibility|notes|overview|required_documents|screening|support_content,800,998,
ontong_youth_20260325005400212268,2026년 지역인재채용 인센티브지원사업,869,7,application|eligibility|notes|overview|required_documents|screening|support_content,303,500,
ontong_youth_20260325005400212270,2026년 청송군 청년 자격증 응시료 지원사업,1398,7,application|eligibility|notes|overview|required_documents|screening|support_content,650,846,
ontong_youth_20260326005400212286,2026년 평택시 청년 면접정장 무료대여 서비스,692,7,application|eligibility|notes|overview|required_documents|screening|support_content,334,521,
ontong_youth_20260407005400212562,2026 기획창작스튜디오 프리비즈 콘텐츠 제작지원,1257,6,application|eligibility|notes|overview|required_documents|support_content,591,767,screening
ontong_youth_20260408005400212602,[고용노동부]2026년 청년일자리도약장려금,777,6,application|eligibility|notes|overview|required_documents|support_content,345,517,screening
ontong_youth_20260410005400212664,2026년 임신부 가사지원서비스 지원사업 시행,818,6,application|eligibility|notes|overview|required_documents|support_content,350,527,screening
ontong_youth_20260424005400212873,진주시 중소기업 청년채용 지원사업,826,7,application|eligibility|notes|overview|required_documents|screening|support_content,459,641,
ontong_youth_20260504005400113105,주력산업 일자리 지원사업,685,7,application|eligibility|notes|overview|required_documents|screening|support_content,346,514,
ontong_youth_20260513005400213183,2026년 청년농업인(청년창업형 후계농업경영인) 영농정착지원사업(2차),756,7,application|eligibility|notes|overview|required_documents|screening|support_content,250,441,
ontong_youth_20260522005400213211,2026 광주광역시 전략사업별 지역생태계 활성화 사업 「내일을 만드는 청년 직무형 일경험 사업」,708,7,application|eligibility|notes|overview|required_documents|screening|support_content,275,480,
ontong_youth_20260616005400213235,사회연대경제 청년 일경험사업 시범사업,1136,6,application|eligibility|notes|overview|required_documents|support_content,532,701,screening
ontong_youth_20260703005400213249,「광주청년 일경험드림 사업」 제20기 드림청년(참여청년) 모집,938,7,application|eligibility|notes|overview|required_documents|screening|support_content,350,539,
ontong_youth_20260729005400213313,전남광주 기후에너지 JOB 스쿨 참가자 모집,810,7,application|eligibility|notes|overview|required_documents|screening|support_content,350,529,
ontong_youth_20260810005400213326,사회연대경제 청년 일경험사업 시범사업(3차),1050,6,application|eligibility|notes|overview|required_documents|support_content,424,607,screening
ontong_youth_20240520005400200013,횡성군 청년면접수당 지급,1060,7,application|eligibility|notes|overview|required_documents|screening|support_content,509,680,
ontong_youth_20250110005400110150,병 자기개발비용 지원,713,10,application|eligibility|notes|overview|required_documents|screening|support_content,800,962,
ontong_youth_20250113005400210176,연제구 청년 자격증 등 시험 응시료 지원사업,861,7,application|eligibility|notes|overview|required_documents|screening|support_content,297,479,
ontong_youth_20250114005400110219,청년해기인력 공급기반 강화,889,10,application|eligibility|notes|overview|required_documents|screening|support_content,800,967,
ontong_youth_20250114005400110232,국제옵서버 인력 확대,960,10,application|eligibility|notes|overview|required_documents|screening|support_content,800,964,
ontong_youth_20250328005400210670,서귀포시 취업준비 청년 자격증 등 응시료 지원사업,540,7,application|eligibility|notes|overview|required_documents|screening|support_content,275,457,
ontong_youth_20250328005400210671,서귀포시 대학생·청년 아르바이트 사업,714,7,application|eligibility|notes|overview|required_documents|screening|support_content,360,535,
ontong_youth_20250423005400210717,청년 면접정장 무료대여 '꿈이룸옷장',957,6,application|eligibility|notes|overview|required_documents|support_content,417,597,screening
ontong_youth_20250516005400210832,경북 청년애꿈 수당,3070,11,application|eligibility|notes|overview|required_documents|screening|support_content,794,964,
ontong_youth_20250612005400110918,현장실습 지원금,1203,10,application|eligibility|notes|overview|required_documents|screening|support_content,800,959,
ontong_youth_20250619005400211076,2025년 1차 경기도 청년면접수당 모집,544,7,application|eligibility|notes|overview|required_documents|screening|support_content,452,624,
ontong_youth_20250621005400111097,청년창업농장학금지원,430,10,application|eligibility|notes|overview|required_documents|screening|support_content,800,970,
ontong_youth_20250806005400211515,청년 일자리사업 참여청년 모집,1217,7,application|eligibility|notes|overview|required_documents|screening|support_content,798,972,
ontong_youth_20260310005400112101,지방청년인재 재외공관 파견,648,10,application|eligibility|notes|overview|required_documents|screening|support_content,800,963,
ontong_youth_20260406005400212461,(미추홀구) 청년 면접수당 지원사업 [예산소진 시 조기마감],1347,6,application|eligibility|notes|overview|required_documents|support_content,595,805,screening
ontong_youth_20260408005400212590,지역정주지원금 지원(빛고을직업교육혁신지구 고도화),1236,6,application|eligibility|notes|overview|required_documents|support_content,738,914,screening
ontong_youth_20260408005400212646,여수형 청년 맞춤형 인턴 사업,424,7,application|eligibility|notes|overview|required_documents|screening|support_content,231,412,
ontong_youth_20260420005400212772,(4차) 2026 광주청년 구직활동수당 및 활동지원사업,3062,10,application|eligibility|notes|overview|required_documents|screening|support_content,786,978,
ontong_youth_20260428005400212889,2026년 출향(전입)청년 채용 전주기업 취업지원,1888,7,application|eligibility|notes|overview|required_documents|support_content,763,948,screening
ontong_youth_20260428005400212892,2026 전주기업반 취업지원 사업,1653,8,application|eligibility|notes|overview|required_documents|screening|support_content,705,881,
ontong_youth_20260430005400212981,청년구직자 면접비 지원사업,593,7,application|eligibility|notes|overview|required_documents|screening|support_content,356,520,
ontong_youth_20260430005400213008,아산시 지역우수인재 고용촉진사업,456,7,application|eligibility|notes|overview|required_documents|screening|support_content,251,421,
ontong_youth_20260504005400113111,광역이음(충청권 연계) 일자리사업,486,7,application|eligibility|notes|overview|required_documents|screening|support_content,332,505,
ontong_youth_20260504005400213018,청년 버스 운전자 양성 프로그램,683,7,application|eligibility|notes|overview|required_documents|screening|support_content,362,531,
ontong_youth_20260513005400213203,부산 청년두드림센터 운영,763,6,application|eligibility|notes|overview|required_documents|support_content,375,570,screening
ontong_youth_20260818005400213336,2026년 고흥군 청년 귀어가 정착어장,735,6,application|eligibility|notes|overview|required_documents|support_content,393,563,screening
ontong_youth_20250108005400210071,부산진구 청년 행정인턴,755,6,application|eligibility|overview|required_documents|screening|support_content,327,504,notes
ontong_youth_20250116005400210314,2025년 부산 동구 청년 자격증 시험 응시료 지원 사업,1139,6,application|eligibility|notes|overview|screening|support_content,470,657,required_documents
ontong_youth_20250123005400110397,국가인적자원개발 컨소시엄,829,9,application|eligibility|notes|overview|screening|support_content,800,966,required_documents
ontong_youth_20250218005400210446,청년창업농 인큐베이터 농장 운영,1267,6,application|eligibility|overview|required_documents|screening|support_content,526,707,notes
ontong_youth_20250218005400210447,광주 인공지능사관학교 운영,679,9,application|eligibility|overview|required_documents|screening|support_content,800,990,notes
ontong_youth_20250617005400110958,가상융합기술 아카데미(메타버스 아카데미),685,9,application|eligibility|notes|overview|screening|support_content,800,979,required_documents
ontong_youth_20250702005400211143,광주청년 일경험드림 제18기,1106,6,application|eligibility|notes|overview|screening|support_content,472,656,required_documents
ontong_youth_20250710005400211161,2025년 군산시 청년기업 인증사업,589,6,application|eligibility|overview|required_documents|screening|support_content,215,389,notes
ontong_youth_20250719005400211466,2025년 청년도전지원사업(원주시),1133,6,application|eligibility|notes|overview|screening|support_content,512,708,required_documents
ontong_youth_20260107005400212072,2026년 청년도전지원사업(원주시),979,6,application|eligibility|notes|overview|screening|support_content,462,658,required_documents
ontong_youth_20260406005400212459,청년도전지원사업,1068,5,application|eligibility|notes|overview|support_content,580,752,screening|required_documents
ontong_youth_20260407005400212565,진로설계 패키지(라이프·커리어) 참여자 모집,850,5,application|eligibility|notes|overview|support_content,466,642,screening|required_documents
ontong_youth_20260413005400212716,서귀포시 대학생·청년 아르바이트,550,5,application|eligibility|notes|overview|support_content,245,432,screening|required_documents
ontong_youth_20260413005400212724,청년도전지원사업,1265,5,application|eligibility|notes|overview|support_content,519,706,screening|required_documents
ontong_youth_20260416005400212753,제주 콘텐츠 청년일자리 빌드업 지원,838,5,application|eligibility|notes|overview|support_content,356,535,screening|required_documents
ontong_youth_20260421005400212775,지역산업 맞춤형 일자리 창출 지원사업,1001,5,application|eligibility|notes|overview|support_content,658,839,screening|required_documents
ontong_youth_20260422005400212843,소규모 농가 경영안정 지원사업,765,5,application|eligibility|notes|overview|support_content,353,517,screening|required_documents
ontong_youth_20260422005400212865,서귀포시 대학생·청년 아르바이트,559,5,application|eligibility|notes|overview|support_content,254,441,screening|required_documents
ontong_youth_20260622005400213244,2026년 여름 청년 행정체험사업,1190,6,application|eligibility|notes|overview|screening|support_content,487,666,required_documents
ontong_youth_20260625005400113245,사회연대경제 청년일경험,1357,8,application|eligibility|notes|overview|support_content,800,963,screening|required_documents
ontong_youth_20250121005400110344,2025년 전국민마음투자지원사업,1329,10,application|eligibility|notes|overview|required_documents|screening|support_content,800,980,
ontong_youth_20250904005400211641,청춘 건강상담소 사업 운영(모바일헬스케어),783,7,application|eligibility|notes|overview|required_documents|screening|support_content,321,506,
ontong_youth_20260415005400112751,(복지부) 26년 정신건강 심리상담 바우처사업,2988,11,application|eligibility|notes|overview|required_documents|screening|support_content,800,978,
ontong_youth_20260728005400213310,2026년 하반기 임신부 가사지원서비스 지원사업,766,6,application|eligibility|notes|overview|required_documents|support_content,349,532,screening
ontong_youth_20251231005400212065,지역사회서비스분야 청년사업단 지원,400,7,application|eligibility|notes|overview|required_documents|screening|support_content,452,622,
ontong_youth_20260327005400212306,임산부 280 건강관리비 지원사업,1089,7,application|eligibility|notes|overview|required_documents|screening|support_content,472,652,
ontong_youth_20250618005400111016,청년 중심 마약류 중독예방 지원 확대,956,9,application|eligibility|notes|overview|screening|support_content,800,977,required_documents
ontong_youth_20260408005400212619,임산부 직장생활 패키지 용품 지원 사업,741,6,application|eligibility|notes|overview|screening|support_content,350,522,required_documents
ontong_youth_20260807005400213325,2026 제4회 멘토러닝톡,531,6,application|eligibility|notes|overview|screening|support_content,251,419,required_documents
ontong_youth_20250327005400210656,청년 우울증 치료비 지원,1112,6,application|eligibility|notes|overview|required_documents|support_content,484,653,screening
ontong_youth_20250618005400211059,청년층 정신건강 서비스 강화,410,6,application|eligibility|notes|overview|required_documents|support_content,296,471,screening
ontong_youth_20250403005400210687,전국민 마음투자 지원사업,2111,10,application|eligibility|notes|overview|required_documents|screening|support_content,800,976,
ontong_youth_20250623005400111118,청년중독관리사업,836,7,application|eligibility|notes|overview|required_documents|screening|support_content,440,610,
ontong_youth_20250227005400210572,서울청년문화패스,1681,8,application|eligibility|notes|overview|required_documents|screening|support_content,667,830,
ontong_youth_20250316005400210640,서울청년문화패스 지원,1953,7,application|eligibility|notes|overview|required_documents|screening|support_content,730,890,
ontong_youth_20250904005400211645,청년문화생태계 리빙랩,769,7,application|eligibility|notes|overview|required_documents|screening|support_content,246,419,
ontong_youth_20251127005400211947,진주시 미혼남녀 인연만들기 행사,919,7,application|eligibility|notes|overview|required_documents|screening|support_content,425,613,
ontong_youth_20260325005400212267,2026년 청송군 청년 소모임 지원사업,989,7,application|eligibility|notes|overview|required_documents|screening|support_content,332,527,
ontong_youth_20260407005400212554,예술인이 만드는 마데인(Made in) 광산 문화예술단체육성 지원,1343,6,application|eligibility|notes|overview|required_documents|support_content,624,813,screening
ontong_youth_20260407005400212555,2026 광주콘텐츠코리아랩 콘텐츠 창‧제작 지원사업 「주니어 크리에이터」 모집,803,6,application|eligibility|notes|overview|required_documents|support_content,300,499,screening
ontong_youth_20260407005400212563,2026 광주콘텐츠코리아랩 콘텐츠 창‧제작 지원사업 「부스터 크리에이터(2단계·3단계)」 모집,921,6,application|eligibility|notes|overview|required_documents|support_content,454,669,screening
ontong_youth_20250819005400211519,2025. 「은평 청년 버스킹 페스타」 청년판정단 모집,659,6,application|eligibility|notes|overview|required_documents|support_content,269,446,screening
ontong_youth_20260408005400212605,2026년 행복한 동행! 우리두리 작은결혼식 시즌8 : 우리들의 행복한 시작,535,7,application|eligibility|notes|overview|required_documents|screening|support_content,246,444,
ontong_youth_20260504005400213036,청년의 날 행사,417,7,application|eligibility|notes|overview|required_documents|screening|support_content,252,415,
ontong_youth_20260513005400213181,2026 전입청년 교통비 지원,1021,7,application|eligibility|notes|overview|required_documents|screening|support_content,355,532,
ontong_youth_20260728005400213311,전남광주 청년 문화복지카드,535,6,application|eligibility|notes|overview|required_documents|support_content,320,493,screening
ontong_youth_20250114005400210255,순천형 청년공동체 활성화 사업,1019,7,application|eligibility|notes|overview|required_documents|screening|support_content,355,538,
ontong_youth_20250218005400210456,청년문화예술패스,857,6,application|eligibility|notes|overview|screening|support_content,341,506,required_documents
ontong_youth_20250228005400110573,청년문화예술패스,909,8,application|eligibility|notes|overview|support_content,800,965,screening|required_documents
ontong_youth_20250708005400211156,2025년 청년문화예술패스 2차 발급,859,6,application|eligibility|notes|overview|screening|support_content,363,540,required_documents
ontong_youth_20250901005400211554,2025년 청송군 청년 소모임 지원사업,924,6,application|eligibility|overview|required_documents|screening|support_content,336,522,notes
ontong_youth_20260305005400112100,청년문화예술패스,764,8,application|eligibility|notes|overview|support_content,800,965,screening|required_documents
ontong_youth_20260326005400212296,청년문화프로그램 운영,662,6,application|eligibility|notes|overview|screening|support_content,286,463,required_documents
ontong_youth_20260408005400212644,청년 도서구입비 지원,543,6,application|eligibility|notes|overview|screening|support_content,279,462,required_documents
ontong_youth_20260421005400212803,청년문화예술패스 사업,652,5,application|eligibility|notes|overview|support_content,276,446,screening|required_documents
ontong_youth_20260422005400212837,탐라청년출발패키지 사업 (청년 전입 축하장려금),1187,5,application|eligibility|notes|overview|support_content,537,720,screening|required_documents
ontong_youth_20250516005400210831,전남청년 문화복지카드,2202,8,application|eligibility|notes|overview|required_documents|screening|support_content,790,954,
ontong_youth_20250119005400210339,청년 예술가 및 청년 창작자 지원,641,7,application|eligibility|notes|overview|required_documents|screening|support_content,407,585,
ontong_youth_20250711005400211195,청년예술센터 운영,1212,7,application|eligibility|notes|overview|required_documents|screening|support_content,577,753,
ontong_youth_20250723005400211484,영화영상활성화 지원사업(전북단편영화 제작스쿨 운영 지원),401,7,application|eligibility|notes|overview|required_documents|screening|support_content,276,466,
ontong_youth_20250723005400211485,영화영상활성화 지원사업(주민시네마스쿨 운영),378,7,application|eligibility|notes|overview|required_documents|screening|support_content,276,459,
ontong_youth_20250724005400211492,차세대 문화예술기획자 양성과정(2025년),783,7,application|eligibility|notes|overview|required_documents|screening|support_content,363,543,
ontong_youth_20250728005400211495,문화예술교육사 현장역량강화사업,977,7,application|eligibility|notes|overview|required_documents|screening|support_content,586,761,
ontong_youth_20250731005400211507,지역문화예술육성지원사업,794,7,application|eligibility|notes|overview|required_documents|screening|support_content,504,674,
ontong_youth_20250731005400211508,청년문화예술주문배달서비스사업(청년예술 퀵),1590,8,application|eligibility|notes|overview|required_documents|screening|support_content,727,918,
ontong_youth_20250109005400210105,영세창업농 초기영농비 지원사업,1040,7,application|eligibility|notes|overview|required_documents|screening|support_content,331,524,
ontong_youth_20250109005400210106,영농승계 청년농업인 육성 지원사업,1204,7,application|eligibility|notes|overview|required_documents|screening|support_content,532,724,
ontong_youth_20250109005400210107,청년농업인 맞춤형 창업 성공모델 지원사업,1052,7,application|eligibility|notes|overview|required_documents|screening|support_content,334,531,
ontong_youth_20250220005400210476,인구감소지역 결혼지원금,1411,7,application|eligibility|notes|overview|required_documents|screening|support_content,538,711,
ontong_youth_20250220005400210477,작은 결혼식 지원,1562,7,application|eligibility|notes|overview|required_documents|screening|support_content,549,719,
ontong_youth_20250305005400110593,서울시 청년수당,3617,10,application|eligibility|notes|overview|required_documents|screening|support_content,715,892,
ontong_youth_20250424005400210718,경계선 지능 청년 일 역량강화 및 일경험 지원,1227,7,application|eligibility|notes|overview|required_documents|screening|support_content,488,692,
ontong_youth_20250514005400110812,청년내일저축계좌,2202,11,application|eligibility|notes|overview|required_documents|screening|support_content,800,971,
ontong_youth_20250903005400211611,관외 대학교 통학생 교통비 지원사업,976,7,application|eligibility|notes|overview|required_documents|screening|support_content,357,547,
ontong_youth_20250904005400211630,청년미래적금 운영,1017,7,application|eligibility|notes|overview|required_documents|screening|support_content,390,565,
ontong_youth_20250904005400211632,청년도전지원사업 『도전캠퍼스』,1430,7,application|eligibility|notes|overview|required_documents|screening|support_content,539,748,
ontong_youth_20250904005400211639,미혼남녀 인연만들기,890,7,application|eligibility|notes|overview|required_documents|screening|support_content,374,557,
ontong_youth_20250916005400211694,학자금 대출 신용 회복 지원,1122,7,application|eligibility|notes|overview|required_documents|screening|support_content,406,584,
ontong_youth_20260325005400212272,2026년 청년 사랑채움사업,1239,8,application|eligibility|notes|overview|required_documents|screening|support_content,783,979,
ontong_youth_20260407005400212558,고용이음 안착 지원금(이·전직) 지원(2026년 광주 고용이음 위기 극복 프로젝트),807,6,application|eligibility|notes|overview|required_documents|support_content,303,515,screening
ontong_youth_20260407005400212560,고용이음 패키지 지원사업(2026년 광주 고용이음 위기 극복 프로젝트),1223,6,application|eligibility|notes|overview|required_documents|support_content,481,680,screening
ontong_youth_20260408005400212594,학자금대출 신용유의자 신용회복 지원사업,681,7,application|eligibility|notes|overview|required_documents|screening|support_content,232,416,
ontong_youth_20260408005400212625,예비부부 건강검진 사업,672,6,application|eligibility|notes|overview|required_documents|support_content,246,421,screening
ontong_youth_20260430005400113009,청년내일저축계좌,1326,10,application|eligibility|notes|overview|required_documents|screening|support_content,800,975,
ontong_youth_20260504005400113115,인재육성사업 추진,801,7,application|eligibility|notes|overview|required_documents|screening|support_content,518,699,
ontong_youth_20260511005400213180,부산 청년내일저축계좌,906,7,application|eligibility|notes|overview|required_documents|screening|support_content,456,641,
ontong_youth_20260513005400213184,청년내일저축계좌 지원,806,7,application|eligibility|notes|overview|required_documents|screening|support_content,270,441,
ontong_youth_20260818005400213339,[전남]2026년 하반기 대학생 학자금 대출이자 지원사업,731,6,application|eligibility|notes|overview|required_documents|support_content,320,517,screening
ontong_youth_20260818005400213340,2026년 하반기(2026년도 1학기) 5개 자치구(광주권역) 대학(원)생 학자금 대출이자 지원,889,6,application|eligibility|notes|overview|required_documents|support_content,318,537,screening
ontong_youth_20250305005400210594,광주형 청년일자리 공제,1019,7,application|eligibility|notes|overview|required_documents|screening|support_content,432,630,
ontong_youth_20250501005400210757,2025 전입청년 교통비 지원,1009,7,application|eligibility|notes|overview|required_documents|screening|support_content,355,531,
ontong_youth_20250515005400210826,경기도 청년기본소득,1261,7,application|eligibility|notes|overview|required_documents|screening|support_content,533,703,
ontong_youth_20250618005400211057,자립준비청년 자립수당 지원,536,7,application|eligibility|notes|overview|required_documents|screening|support_content,340,518,
ontong_youth_20250916005400211693,모다드림 청년통장 지원,1512,8,application|eligibility|notes|overview|required_documents|screening|support_content,780,955,
ontong_youth_20251231005400212060,청년 노동자 통장 운영,472,7,application|eligibility|notes|overview|required_documents|screening|support_content,479,651,
ontong_youth_20251231005400212062,경기 고립은둔청년 지원,423,7,application|eligibility|notes|overview|required_documents|screening|support_content,491,668,
ontong_youth_20260326005400212302,저소득층 기저귀 조제분유 지원사업,547,7,application|eligibility|notes|overview|required_documents|screening|support_content,234,420,
ontong_youth_20260331005400212363,주소전입 학생 지원,952,7,application|eligibility|notes|overview|required_documents|screening|support_content,458,631,
ontong_youth_20260407005400212557,고용이음 안착 지원금(비자발적 퇴사) 지원(2026년 광주 고용이음 위기 극복 프로젝트),774,6,application|eligibility|notes|overview|required_documents|support_content,303,518,screening
ontong_youth_20260407005400212559,고용이음 장기근속 장려금 지원(2026년 광주 고용이음 위기 극복 프로젝트),911,6,application|eligibility|notes|overview|required_documents|support_content,376,578,screening
ontong_youth_20251121005400211920,"대학생 주거 지원(서‧동서울관, 청주관)",414,7,application|eligibility|notes|overview|required_documents|screening|support_content,293,467,
ontong_youth_20260123005400112079,"대학생 연합생활관(은행권,고양)",868,10,application|eligibility|notes|overview|required_documents|screening|support_content,800,974,
ontong_youth_20260410005400212667,울산 청년 웰스테이 지원,672,5,application|eligibility|notes|overview|support_content,464,634,screening|required_documents
ontong_youth_20250115005400110295,청년월세 특별지원(2차),1243,7,application|eligibility|notes|overview|required_documents|screening|support_content,654,826,
ontong_youth_20250123005400110398,생활안정자금 융자사업,1093,9,application|eligibility|notes|overview|required_documents|support_content,800,972,screening
ontong_youth_20250716005400211308,청년 이사비 지원,537,7,application|eligibility|notes|overview|required_documents|screening|support_content,227,399,
ontong_youth_20250903005400211613,청년 주택임차보증금 이자 지원,920,7,application|eligibility|notes|overview|required_documents|screening|support_content,359,554,
ontong_youth_20250903005400211614,청년월세 지원사업,1191,10,application|eligibility|notes|overview|required_documents|screening|support_content,800,979,
ontong_youth_20260313005400212124,청년신혼부부 월세지원 사업,908,7,application|eligibility|notes|overview|required_documents|screening|support_content,328,514,
ontong_youth_20260319005400112218,(국토부) 26년 청년월세 지원사업,2903,12,application|eligibility|notes|overview|required_documents|screening|support_content,800,987,
ontong_youth_20260513005400213198,부산 청년 중개보수 및 이사비 지원,687,7,application|eligibility|notes|overview|required_documents|screening|support_content,480,674,
ontong_youth_20260806005400213321,서구 청년 천원 복비(부동산 중개보수) 지원사업,606,6,application|eligibility|notes|overview|required_documents|support_content,244,434,screening
ontong_youth_20260821005400213346,[광산구]청년 노동자 주거 지원사업 참여기업 모집,779,6,application|eligibility|notes|overview|required_documents|support_content,288,482,screening
ontong_youth_20250716005400211309,제주 청년 희망충전 월세 지원,443,7,application|eligibility|notes|overview|required_documents|screening|support_content,226,405,
ontong_youth_20250716005400211316,신혼부부 등 주택전세 및 연월세 자금 대출이자 지원,906,7,application|eligibility|notes|overview|required_documents|screening|support_content,311,504,
ontong_youth_20250901005400211557,2025년도 청년 신혼부부 월세 지원사업,1593,8,application|eligibility|notes|overview|required_documents|screening|support_content,742,932,
ontong_youth_20250903005400211600,청년신혼부부 월세지원 사업,1803,8,application|eligibility|notes|overview|required_documents|screening|support_content,637,813,
ontong_youth_20260325005400212271,2026년 청년월세 지원사업,1100,8,application|eligibility|notes|overview|required_documents|screening|support_content,782,974,
ontong_youth_20260420005400212770,청년맞춤형 주택임차보증금 이자지원,2082,8,application|eligibility|notes|overview|required_documents|screening|support_content,690,882,
ontong_youth_20260504005400213039,홍성 신혼부부 주거자금 대출이자 지원,459,7,application|eligibility|notes|overview|required_documents|screening|support_content,282,474,
ontong_youth_20250106005400210052,곡성군 청년 월세 지원사업,2044,7,application|eligibility|overview|required_documents|screening|support_content,794,984,notes
ontong_youth_20250106005400210053,"곡성군 청년, 신혼부부 주택자금 대출이자 지원사업",2248,6,application|eligibility|overview|required_documents|screening|support_content,703,910,notes
ontong_youth_20250109005400210120,청년 및 주거취약계층 주택 중개수수료 지원 사업,1489,6,application|eligibility|overview|required_documents|screening|support_content,529,719,notes
ontong_youth_20250114005400210256,신혼부부 주택전세자금 대출이자 지원사업,1132,6,application|eligibility|overview|required_documents|screening|support_content,409,599,notes
ontong_youth_20250710005400211162,2025년 군산시 신혼부부 주택 전세자금 대출이자 지원사업,1543,6,application|eligibility|notes|overview|required_documents|support_content,774,971,screening
ontong_youth_20250716005400111306,청년월세 한시 특별지원,439,6,application|eligibility|notes|overview|screening|support_content,266,441,required_documents
ontong_youth_20260318005400212197,2026년 군포시 신혼부부 및 청년 전월세 보증금 대출이자 지원,653,6,application|eligibility|notes|overview|screening|support_content,455,649,required_documents
ontong_youth_20260406005400212398,(동구) 인천시 청년월세 지원사업,1777,5,application|eligibility|notes|overview|support_content,566,760,screening|required_documents
ontong_youth_20260409005400212660,울릉섬 청년 주거비 지원사업,1126,6,application|eligibility|notes|overview|screening|support_content,488,679,required_documents
ontong_youth_20260421005400212798,청년 및 주거취약계층 주택 중개수수료 지원사업,553,5,application|eligibility|notes|overview|support_content,327,517,screening|required_documents
ontong_youth_20260710005400213254,2026년 신혼부부 전세자금 대출이자 지원 안내,558,5,application|eligibility|notes|overview|support_content,349,542,screening|required_documents
ontong_youth_20250113005400210184,용인청년 창업지원주택,586,7,application|eligibility|notes|overview|required_documents|screening|support_content,255,418,
ontong_youth_20250903005400211616,청년정착상담소 운영,948,7,application|eligibility|notes|overview|required_documents|screening|support_content,463,641,
ontong_youth_20251121005400211919,청년 농촌보금자리 조성사업,548,7,application|eligibility|notes|overview|required_documents|screening|support_content,293,464,
ontong_youth_20260407005400212566,광산청년온가 입주자 모집 안내,1160,7,application|eligibility|notes|overview|required_documents|screening|support_content,484,666,
ontong_youth_20260428005400212893,2026년 전주 청년만원주택 청춘★별채 예비입주자 모집,1040,7,application|eligibility|notes|overview|required_documents|screening|support_content,491,687,
ontong_youth_20260430005400212956,부산 전세사기 피해주택 시설개선 지원사업,1096,7,application|eligibility|notes|overview|required_documents|screening|support_content,379,571,
ontong_youth_20260325005400212269,2026년 전세보증금반환보증 보증료 지원사업,1268,7,application|eligibility|notes|overview|required_documents|screening|support_content,367,570,
ontong_youth_20260406005400212463,(중구) 2026년 중구 청년 이사비 지원사업,1271,6,application|eligibility|notes|overview|required_documents|support_content,506,712,screening
ontong_youth_20250718005400211407,전입청년 이사 지원사업,1231,7,application|eligibility|notes|overview|screening|support_content,739,910,required_documents
ontong_youth_20260429005400212916,광산청년온가 입주자 모집 재공고,782,5,application|eligibility|notes|overview|support_content,435,618,screening|required_documents
ontong_youth_20250903005400111592,전세보증금반환보증 보증료 지원사업,864,7,application|eligibility|notes|overview|required_documents|screening|support_content,469,645,
ontong_youth_20250729005400211503,경기도 공공기숙사 운영,1463,7,application|eligibility|notes|overview|required_documents|screening|support_content,640,810,
ontong_youth_20250903005400211618,전세보증금반환보증 보증료 지원,1787,7,application|eligibility|notes|overview|required_documents|screening|support_content,579,760,
ontong_youth_20260406005400212457,(동구) 2026년 청년 웰컴페이(이사비) 지원사업,1149,6,application|eligibility|notes|overview|required_documents|support_content,774,976,screening
ontong_youth_20260406005400212462,청년 주택임차보증금 이자 지원 사업 모집,2165,7,application|eligibility|notes|overview|required_documents|support_content,798,990,screening
ontong_youth_20260429005400212905,부산 청년 맞춤형 민간임대주택 공급(희망더함주택),698,7,application|eligibility|notes|overview|required_documents|screening|support_content,436,633,
ontong_youth_20260513005400213186,부산 전세피해 임차인 민간주택 월세지원사업,1990,8,application|eligibility|notes|overview|required_documents|screening|support_content,754,947,
ontong_youth_20260513005400213187,부산 전세보증금 반환보증 보증료 지원,1067,7,application|eligibility|notes|overview|required_documents|screening|support_content,539,729,
ontong_youth_20250901005400211561,2025년 전세보증금반환보증 보증료 지원사업,1106,6,application|eligibility|overview|required_documents|screening|support_content,378,572,notes
ontong_youth_20260421005400212797,청년 이사비 지원사업,545,5,application|eligibility|notes|overview|support_content,240,415,screening|required_documents
ontong_youth_20260421005400212800,신혼부부 등 주택전세 연월세자금 대출이자 지원,657,5,application|eligibility|notes|overview|support_content,312,501,screening|required_documents
ontong_youth_20260430005400212961,함평 전입청년 이사 지원사업,1332,7,application|eligibility|notes|overview|required_documents|screening|support_content,629,816,
ontong_youth_20260430005400212972,전입 1인가구 안심보안캠설치 지원,456,7,application|eligibility|notes|overview|required_documents|screening|support_content,252,428,
ontong_youth_20250718005400211379,다가구 등 기존주택 매입임대사업,722,7,application|eligibility|notes|overview|required_documents|screening|support_content,500,677,
ontong_youth_20260430005400212958,부산 전세피해 임차인 주거안정지원금 지원,1409,7,application|eligibility|notes|overview|required_documents|screening|support_content,778,975,
ontong_youth_20260421005400212801,청년월세 지원,528,5,application|eligibility|notes|overview|support_content,226,393,screening|required_documents
ontong_youth_20250512005400210809,속초시 청년 이사비용 지원사업,1704,7,application|eligibility|overview|required_documents|screening|support_content,794,972,notes
ontong_youth_20250617005400110952,미혼청년 주거급여 분리지급,897,8,application|eligibility|notes|overview|support_content,800,972,screening|required_documents
ontong_youth_20250903005400211615,청년정책 홍보 사업,475,5,application|eligibility|notes|overview|support_content,229,396,screening|required_documents
ontong_youth_20250114005400110236,국가장학금Ⅰ유형(학생직접지원형),1203,10,application|eligibility|notes|overview|required_documents|screening|support_content,800,975,
ontong_youth_20251121005400211913,양산시 대학생 학자금대출 이자지원,572,7,application|eligibility|notes|overview|required_documents|screening|support_content,254,444,
ontong_youth_20260407005400212570,2026년 광주광역시 평생교육이용권 신청 접수,765,7,application|eligibility|notes|overview|required_documents|screening|support_content,271,449,
ontong_youth_20260408005400212626,[남구]2026년 청년 자격증 취득 지원 사업,1091,6,application|eligibility|notes|overview|required_documents|support_content,398,589,screening
ontong_youth_20260702005400213247,2026년 완도군 청년 자격증 응시료 지원사업,1073,7,application|eligibility|notes|overview|required_documents|screening|support_content,387,575,
ontong_youth_20260722005400213277,[22개 시·군] 2026 청년 잡업 프로젝트 자격증 취득 온라인 수강권 지원사업,773,6,application|eligibility|notes|overview|required_documents|support_content,350,554,screening
ontong_youth_20260722005400213282,2026년 완도군 청년 자격증 응시료 지원사업,1088,7,application|eligibility|notes|overview|required_documents|screening|support_content,387,575,
ontong_youth_20260722005400213296,[남구]2026년 청년 자격증 취득 지원 사업,1106,6,application|eligibility|notes|overview|required_documents|support_content,398,589,screening
ontong_youth_20250316005400210636,서울희망 공익인재 장학금,1458,10,application|eligibility|notes|overview|required_documents|screening|support_content,800,973,
ontong_youth_20250316005400210638,서울해외교환학생장학금,1609,10,application|eligibility|notes|overview|required_documents|screening|support_content,800,971,
ontong_youth_20250616005400110939,취업후상환학자금_등록금,945,9,application|eligibility|notes|overview|required_documents|support_content,800,969,screening
ontong_youth_20250616005400110940,취업후상환학자금_생활비,1152,9,application|eligibility|notes|overview|required_documents|support_content,800,969,screening
ontong_youth_20250618005400111020,전문기술인재 장학금 지원,1074,9,application|eligibility|notes|overview|required_documents|support_content,800,972,screening
ontong_youth_20250108005400210069,2025년도 미래농업대학 스마트농업인 양성 과정,970,7,application|eligibility|notes|overview|required_documents|screening|support_content,357,541,
ontong_youth_20250113005400110192,청년임업인 특성화교육,870,10,application|eligibility|notes|overview|required_documents|screening|support_content,800,970,
ontong_youth_20250114005400110248,우수학생 국가장학금(예술체육비전 장학금),1114,9,application|eligibility|notes|overview|required_documents|support_content,800,975,screening
ontong_youth_20250618005400111002,차세대 보안 리더,1283,10,application|eligibility|notes|overview|required_documents|screening|support_content,800,969,
ontong_youth_20250619005400111070,(청년 금융교육 지원) 대학생 금융교육봉사단,1969,11,application|eligibility|notes|overview|required_documents|screening|support_content,800,980,
ontong_youth_20250619005400111072,(청년 금융교육 지원) 대학 실용금융 강좌 온라인(K-MOOC) 개설,966,10,application|eligibility|notes|overview|required_documents|screening|support_content,800,994,
ontong_youth_20250710005400211176,평생교육이용권[디지털] 지원,1342,7,application|eligibility|notes|overview|required_documents|screening|support_content,645,834,
ontong_youth_20250710005400211177,평생교육이용권[일반·장애인] 지원,1151,7,application|eligibility|notes|overview|required_documents|screening|support_content,486,678,
ontong_youth_20250711005400211183,도시재생 전문인력 양성사업 지원,588,10,application|eligibility|notes|overview|required_documents|screening|support_content,800,989,
ontong_youth_20250904005400211625,대학생 사이버보안 경진대회,844,10,application|eligibility|notes|overview|required_documents|screening|support_content,800,971,
ontong_youth_20251121005400211927,대학생 글로벌 해외연수,566,7,application|eligibility|notes|overview|required_documents|screening|support_content,270,437,
ontong_youth_20260406005400212419,부산 NEXT 10(월드클래스 육성) 운영,1013,7,application|eligibility|notes|overview|required_documents|screening|support_content,325,515,
ontong_youth_20260406005400212425,부산 국제마케팅 전문인력 양성,664,7,application|eligibility|notes|overview|required_documents|screening|support_content,284,469,
ontong_youth_20260408005400212617,인공지능사관학교 7기 교육생 모집,1061,6,application|eligibility|notes|overview|required_documents|support_content,604,786,screening
ontong_youth_20260424005400212872,서울영커리언스 인턴십Ⅰ(여름학기),1504,7,application|eligibility|notes|overview|required_documents|screening|support_content,756,944,
ontong_youth_20260429005400212906,부산 화장품 제조판매 전문인력 양성,595,7,application|eligibility|notes|overview|required_documents|screening|support_content,350,547,
ontong_youth_20250618005400211053,지역혁신중심 대학지원체계,608,6,application|eligibility|notes|overview|required_documents|support_content,353,524,screening
ontong_youth_20260304005400212098,AI 면접 및 역량 검사 체험 지원,983,6,application|eligibility|notes|overview|required_documents|support_content,430,605,screening
ontong_youth_20260504005400113082,청년농업인 창농 신성장 활동,485,7,application|eligibility|notes|overview|required_documents|screening|support_content,387,558,
ontong_youth_20260504005400113119,청년농업인 역량강화 지원,526,7,application|eligibility|notes|overview|required_documents|screening|support_content,386,555,
ontong_youth_20250114005400110244,우수학생 국가장학금(인문 100년 장학금),1390,8,application|eligibility|notes|overview|support_content,800,976,screening|required_documents
ontong_youth_20250612005400110919,청년법조인 국제법무 전문인력 양성,1282,9,application|eligibility|overview|required_documents|screening|support_content,800,976,notes
ontong_youth_20250618005400211049,SW중심대학 지원,498,6,application|eligibility|overview|required_documents|screening|support_content,296,463,notes
ontong_youth_20250710005400211175,빛고을장학재단 장학금 지원(25년 상반기),778,6,application|eligibility|overview|required_documents|screening|support_content,389,593,notes
ontong_youth_20250710005400211179,청년농업인 맞춤형 영농기반 조성(시범사업),641,6,application|eligibility|notes|overview|screening|support_content,263,456,required_documents
ontong_youth_20260421005400212788,기능경기대회 참가 지원사업,892,5,application|eligibility|notes|overview|support_content,398,569,screening|required_documents
ontong_youth_20260421005400212806,제주 ICT 전문인력 양성센터 운영 사업,871,5,application|eligibility|notes|overview|support_content,367,550,screening|required_documents
ontong_youth_20260421005400212808,제주청년 글로벌스탠다드 역량강화 지원사업,760,5,application|eligibility|notes|overview|support_content,417,602,screening|required_documents
ontong_youth_20260421005400212811,지역특화 청년 무역전문가 양성사업(GTEP),647,5,application|eligibility|notes|overview|support_content,329,513,screening|required_documents
ontong_youth_20260421005400212825,청년농업인 육성,1378,5,application|eligibility|notes|overview|support_content,696,872,screening|required_documents
ontong_youth_20260706005400213250,"2026 청년 취업교육(N잡/프리랜서, 진로/취업 커리어 개발 교육)",805,6,application|eligibility|notes|overview|screening|support_content,314,535,required_documents
ontong_youth_20260714005400113259,청년도약 인재양성 부트캠프,749,8,application|eligibility|notes|overview|support_content,800,968,screening|required_documents
ontong_youth_20260821005400213344,청년도약 인재양성 부트캠프 사업(인문·사회 분야),635,5,application|eligibility|notes|overview|support_content,350,537,screening|required_documents
ontong_youth_20260504005400113095,첨단산업 인재양성 부트캠프,734,7,application|eligibility|notes|overview|required_documents|screening|support_content,564,738,
ontong_youth_20250619005400111073,(청년 금융교육 지원) 청년층을 위한 실전 재무설계 온라인 동영상,871,10,application|eligibility|notes|overview|required_documents|screening|support_content,800,992,
ontong_youth_20250623005400111104,청년 SW개발자 커뮤니티 지원 및 멘토단 구성,633,10,application|eligibility|notes|overview|required_documents|screening|support_content,800,994,
ontong_youth_20250310005400210604,『찾아가는 전세사기 피해예방』 교육 및 상담,594,6,application|eligibility|notes|overview|screening|support_content,397,584,required_documents
ontong_youth_20250618005400211041,강원인재육성평생교육진흥원 지원,337,6,application|eligibility|notes|overview|screening|support_content,325,498,required_documents
ontong_youth_20250904005400211624,청년재능활동가 지원사업,532,5,application|eligibility|notes|overview|support_content,248,427,screening|required_documents
ontong_youth_20260312005400112115,에너지인력양성(R&D),663,8,application|eligibility|notes|overview|support_content,800,971,screening|required_documents
ontong_youth_20260415005400212745,창의융합형 공학인재 양성 지원사업,529,5,application|eligibility|notes|overview|support_content,272,456,screening|required_documents
ontong_youth_20260421005400212787,혁신인재 플랫폼 제주더큰내일센터 운영,504,5,application|eligibility|notes|overview|support_content,259,442,screening|required_documents
ontong_youth_20250316005400210639,2026년 서울시 청년인생설계학교,2318,9,application|eligibility|notes|overview|required_documents|screening|support_content,800,979,
ontong_youth_20250619005400111066,(청년 금융교육 지원) 대학 실용금융 강좌,1139,10,application|eligibility|notes|overview|required_documents|screening|support_content,800,978,
ontong_youth_20260504005400113110,충남도립대 등록금 장학금 지급,1004,7,application|eligibility|notes|overview|required_documents|screening|support_content,546,722,
ontong_youth_20260722005400213268,2026년 「청년농업인 스마트창농 교육」,872,7,application|eligibility|notes|overview|required_documents|screening|support_content,350,531,
ontong_youth_20260821005400213343,콘텐츠 테크하이어 QA 과정 교육생 모집,847,7,application|eligibility|notes|overview|required_documents|screening|support_content,350,531,
ontong_youth_20251231005400212069,대학교 노동인권 강좌개설 및 프로그램 개발,399,7,application|eligibility|notes|overview|required_documents|screening|support_content,452,629,
ontong_youth_20260325005400212277,관외 이동 근로자 및 학생 열차운임비 지원,1410,6,application|eligibility|notes|overview|required_documents|support_content,460,638,screening
ontong_youth_20250717005400211373,청년 공동체 활성화 사업,886,6,application|eligibility|overview|required_documents|screening|support_content,382,551,notes
ontong_youth_20251124005400211941,전남형 청년마을 조성사업,1327,7,application|eligibility|notes|overview|required_documents|screening|support_content,386,577,
ontong_youth_20260402005400212385,제7기 평택시 청년네트워크 운영 및 지원,699,7,application|eligibility|notes|overview|required_documents|screening|support_content,225,405,
ontong_youth_20250123005400110389,중증장애인근로자 출퇴근 비용 지원,944,9,application|eligibility|notes|overview|required_documents|support_content,800,976,screening
ontong_youth_20250904005400211649,2025 청년정책 발굴 사업,612,6,application|eligibility|notes|overview|screening|support_content,243,420,required_documents
ontong_youth_20250904005400211648,청년자율편성예산제 운영,473,7,application|eligibility|notes|overview|required_documents|screening|support_content,203,377,
ontong_youth_20250711005400211198,광주청년위원회(제10기),672,6,application|eligibility|overview|required_documents|screening|support_content,273,459,notes
ontong_youth_20260421005400212826,제주청년의 주도적 성장·도약 UP,656,5,application|eligibility|notes|overview|support_content,294,483,screening|required_documents
ontong_youth_20260421005400212828,제주청년센터 운영,728,5,application|eligibility|notes|overview|support_content,439,627,screening|required_documents
ontong_youth_20250123005400110388,육아기 근로시간 단축 급여,1327,9,application|eligibility|notes|overview|required_documents|support_content,800,971,screening
ontong_youth_20250829005400211532,구미영 에너지(청년활동지원) 사업,793,7,application|eligibility|notes|overview|required_documents|screening|support_content,339,511,
ontong_youth_20250221005400210521,충북청년희망센터 운영,474,5,application|eligibility|notes|overview|support_content,272,480,screening|required_documents
ontong_youth_20260317005400212176,(광양시) 인구청년정책 시민참여단 역량강화 교육,297,5,application|eligibility|notes|overview|support_content,218,414,screening|required_documents
ontong_youth_20250514005400110813,유엔참전국 교류캠프,1216,10,application|eligibility|notes|overview|required_documents|screening|support_content,800,968,
ontong_youth_20260313005400212135,새마을 해외봉사활동,570,7,application|eligibility|notes|overview|required_documents|screening|support_content,324,497,
ontong_youth_20250113005400110168,중남미 지역기구 인턴 파견,764,10,application|eligibility|notes|overview|required_documents|screening|support_content,800,971,
ontong_youth_20250114005400110230,에너지 국제기구 인턴 파견,706,10,application|eligibility|notes|overview|required_documents|screening|support_content,800,970,
ontong_youth_20250114005400110245,국제기구초급전문가(JPO) 파견,1235,10,application|eligibility|notes|overview|required_documents|screening|support_content,800,973,
ontong_youth_20250116005400110308,공공외교 현장 실습원,408,10,application|eligibility|notes|overview|required_documents|screening|support_content,800,967,
ontong_youth_20250618005400111026,KOICA 영프로페셔널(해외),547,10,application|eligibility|notes|overview|required_documents|screening|support_content,800,976,
ontong_youth_20240708005400200012,울산 동구 청년협의체 운영(제4기 위원 모집),1612,8,application|eligibility|notes|overview|required_documents|screening|support_content,779,977,
ontong_youth_20250124005400210402,「2025년 제3기 계양구 청년네트워크 위원」모집,1413,7,application|eligibility|notes|overview|required_documents|screening|support_content,494,677,
ontong_youth_20250307005400210601,부천시 청년정책협의체 위원 모집(기간 연장),972,7,application|eligibility|notes|overview|required_documents|screening|support_content,355,547,
ontong_youth_20250328005400210669,서귀포시 청년정책협의체 운영,814,7,application|eligibility|notes|overview|required_documents|screening|support_content,337,511,
ontong_youth_20250502005400210781,청년발전위원회 운영,1112,7,application|eligibility|notes|overview|required_documents|screening|support_content,372,538,
ontong_youth_20250915005400211692,IFWY 2025 한국 지역 대화 참가자 모집,751,10,application|eligibility|notes|overview|required_documents|screening|support_content,800,979,
ontong_youth_20251222005400212041,청년 서포터즈 기자단,899,7,application|eligibility|notes|overview|required_documents|screening|support_content,395,564,
ontong_youth_20251222005400212042,청년 소셜링 프로그램,923,7,application|eligibility|notes|overview|required_documents|screening|support_content,351,520,
ontong_youth_20251223005400212046,청년브랜드참여단 운영,919,7,application|eligibility|notes|overview|required_documents|screening|support_content,272,457,
ontong_youth_20260407005400112540,새만금 스포일러 모집(2026년 새만금개발청 정책기자단),851,10,application|eligibility|notes|overview|required_documents|screening|support_content,800,986,
ontong_youth_20260407005400212556,광주광역시 시민참여예산 제안사업 공모,1242,6,application|eligibility|notes|overview|required_documents|support_content,543,731,screening
ontong_youth_20260410005400212663,2026 서울 동아리ON(대학생 동아리 지원),2555,12,application|eligibility|notes|overview|required_documents|screening|support_content,800,988,
ontong_youth_20260410005400212666,2026 관광기업지원센터 SNS홍보 서포터즈 모집,812,6,application|eligibility|notes|overview|required_documents|support_content,331,530,screening
ontong_youth_20260428005400212895,2026년 전주시 「청년참여예산 민간보조금」 지원,1006,7,application|eligibility|notes|overview|required_documents|screening|support_content,334,526,
ontong_youth_20260513005400213182,2026년 맞춤형 예비 창업가 발굴·육성사업 청년창업기업 엑셀러레이팅 및 기업 수요기반 컨시어지 멘토단 모집,797,7,application|eligibility|notes|overview|required_documents|screening|support_content,383,611,
ontong_youth_20260513005400213185,2026년도 광주형 청년갭이어 지원사업,713,7,application|eligibility|notes|overview|required_documents|screening|support_content,310,496,
ontong_youth_20260615005400213233,2026년 서구 청년 크리에이터단 참여자 모집,1112,6,application|eligibility|notes|overview|required_documents|support_content,627,817,screening
ontong_youth_20260812005400213333,광주자치경찰 「청년 서포터즈 112」 제11기 모집,663,7,application|eligibility|notes|overview|required_documents|screening|support_content,275,468,
ontong_youth_20250125005400210403,2025년 화성시 청년활동포인트제(1차),618,10,application|eligibility|notes|overview|required_documents|screening|support_content,800,975,
ontong_youth_20250221005400210533,제3기 세종특별자치시 청년정책조정위원회 위원 모집,745,7,application|eligibility|notes|overview|required_documents|screening|support_content,275,476,
ontong_youth_20250305005400210595,광주청년정책조정위원회 위촉직 위원 모집,851,10,application|eligibility|notes|overview|required_documents|screening|support_content,800,993,
ontong_youth_20260121005400212078,제2기 원주시 청년정책네트워크 위원 모집,1293,7,application|eligibility|notes|overview|required_documents|screening|support_content,513,689,
ontong_youth_20260317005400212170,2026년 경상북도 반학반어 청년지원사업,691,10,application|eligibility|notes|overview|required_documents|screening|support_content,800,991,
ontong_youth_20260428005400212887,제10기 청년희망단 운영,826,7,application|eligibility|notes|overview|required_documents|screening|support_content,390,565,
ontong_youth_20260429005400212917,청년 모임 지원사업 [청년모힘],1063,7,application|eligibility|notes|overview|required_documents|screening|support_content,384,563,
ontong_youth_20260520005400213208,2026년 서울청년정책네트워크 하반기 모집,1560,7,application|eligibility|notes|overview|required_documents|screening|support_content,705,904,
ontong_youth_20260522005400213214,2026 청년자율예산 「청년정책실험실」 참여자 모집 공고,797,7,application|eligibility|notes|overview|required_documents|screening|support_content,325,524,
ontong_youth_20260618005400213239,2026년 서구 하반기 청년강사 모집,951,6,application|eligibility|notes|overview|required_documents|support_content,615,800,screening
ontong_youth_20260804005400213319,2026. 「은평 청년 버스킹 페스타」 참가자 모집,1169,7,application|eligibility|notes|overview|required_documents|screening|support_content,474,655,
ontong_youth_20250125005400210408,「제4기 화성시 청년정책협의체」 위원 모집,1047,6,application|eligibility|overview|required_documents|screening|support_content,475,652,notes
ontong_youth_20250508005400210800,청년정책 서포터즈 [광주 청년톡파원] 1기,1051,6,application|eligibility|notes|overview|screening|support_content,426,621,required_documents
ontong_youth_20250804005400211509,대구청년정책네트워크,569,6,application|eligibility|notes|overview|screening|support_content,242,412,required_documents
ontong_youth_20250904005400211655,청년문화 활성화,573,6,application|eligibility|notes|overview|screening|support_content,208,374,required_documents
ontong_youth_20260407005400212569,2026 청년 노동인권 파트너즈 모집,552,5,application|eligibility|notes|overview|support_content,298,486,screening|required_documents
ontong_youth_20260428005400212898,"청춘 ""금손(뜨개질 덕후)"" 모여락(樂)",719,5,application|eligibility|notes|overview|support_content,489,667,screening|required_documents
ontong_youth_20260610005400113229,산림산업 창업지원_산림청년포럼,564,9,application|eligibility|notes|overview|screening|support_content,800,978,required_documents
ontong_youth_20251222005400212043,청춘만남 프로그램,937,7,application|eligibility|notes|overview|required_documents|screening|support_content,388,556,
ontong_youth_20260821005400213345,2026년 청년 넷제로 상상뜨락 리빙랩 아이디어 공모전,888,7,application|eligibility|notes|overview|required_documents|screening|support_content,350,548,
